fecha;tm;cm;rm
01/01/1994;24;12;4
01/02/1994;24;10;1
01/03/1994;20;11;3
01/04/1994;24;10;2
01/05/1994;28;11;1
01/06/1994;22;12;1
01/07/1994;31;10;7
01/08/1994;23;11;0
01/09/1994;18;10;0
01/10/1994;22;12;1
01/11/1994;26;9;3
01/12/1994;18;7;3
01/13/1994;14;7;1
01/14/1994;20;8;3
01/15/1994;20;10;3
01/16/1994;24;14;2
01/17/1994;33;12;7
01/18/1994;15;8;2
01/19/1994;18;6;3
01/20/1994;18;8;2
01/21/1994;16;10;0
01/22/1994;20;9;5
01/23/1994;22;10;2
01/24/1994;12;4;2
01/25/1994;22;9;3
01/26/1994;25;9;5
01/27/1994;12;4;1
01/28/1994;26;5;8
01/29/1994;30;12;2
01/30/1994;26;13;4
01/31/1994;18;10;0
02/01/1994;33;11;6
02/02/1994;30;8;1
02/03/1994;25;11;3
02/04/1994;18;9;2
02/05/1994;19;4;4
02/06/1994;19;7;0
02/07/1994;17;7;2
02/08/1994;26;4;5
02/09/1994;25;7;0
02/10/1994;30;12;2
02/11/1994;24;9;4
02/12/1994;22;7;2
02/13/1994;18;5;1
02/14/1994;23;10;3
02/15/1994;22;8;5
02/16/1994;17;7;1
02/17/1994;17;6;0
02/18/1994;24;7;4
02/19/1994;17;7;2
02/20/1994;17;6;1
02/21/1994;28;12;4
02/22/1994;18;10;1
02/23/1994;16;5;3
02/24/1994;24;9;4
02/25/1994;22;9;3
02/26/1994;18;9;1
02/27/1994;19;9;2
02/28/1994;19;8;2
03/01/1994;18;12;2
03/02/1994;17;8;1
03/03/1994;19;5;3
03/04/1994;17;7;3
03/05/1994;19;7;2
03/06/1994;17;8;2
03/07/1994;16;6;4
03/08/1994;17;2;5
03/09/1994;25;8;4
03/10/1994;19;6;2
03/11/1994;23;9;2
03/12/1994;17;5;5
03/13/1994;18;3;2
03/14/1994;18;10;2
03/15/1994;17;12;2
03/16/1994;25;10;4
03/17/1994;14;4;3
03/18/1994;15;5;1
03/19/1994;18;6;3
03/20/1994;16;7;1
03/21/1994;17;9;2
03/22/1994;11;7;0
03/23/1994;19;6;0
03/24/1994;10;5;3
03/25/1994;20;4;2
03/26/1994;22;7;2
03/27/1994;12;4;3
03/28/1994;25;11;3
03/29/1994;19;6;2
03/30/1994;14;4;0
03/31/1994;14;5;2
04/01/1994;18;7;4
04/02/1994;12;3;2
04/03/1994;16;4;1
04/04/1994;14;9;0
04/05/1994;22;13;2
04/06/1994;11;6;0
04/07/1994;15;5;2
04/08/1994;14;6;0
04/09/1994;23;13;1
04/10/1994;20;11;0
04/11/1994;16;8;0
04/12/1994;19;10;1
04/13/1994;10;4;0
04/14/1994;17;5;1
04/15/1994;18;8;0
04/16/1994;21;10;0
04/17/1994;18;10;2
04/18/1994;13;7;2
04/19/1994;23;9;3
04/20/1994;14;5;1
04/21/1994;19;8;1
04/22/1994;23;9;2
04/23/1994;26;12;1
04/24/1994;20;12;1
04/25/1994;20;9;0
04/26/1994;15;5;1
04/27/1994;22;8;4
04/28/1994;20;9;2
04/29/1994;19;6;3
04/30/1994;20;9;1
05/01/1994;20;11;0
05/02/1994;18;4;0
05/03/1994;27;10;2
05/04/1994;29;12;1
05/05/1994;11;2;2
05/06/1994;15;8;0
05/07/1994;15;4;3
05/08/1994;14;5;0
05/09/1994;19;11;0
05/10/1994;20;11;2
05/11/1994;18;8;3
05/12/1994;15;11;1
05/13/1994;15;5;2
05/14/1994;9;4;2
05/15/1994;16;3;1
05/16/1994;27;14;5
05/17/1994;18;8;2
05/18/1994;19;9;1
05/19/1994;15;3;3
05/20/1994;14;8;0
05/21/1994;17;4;0
05/22/1994;22;8;0
05/23/1994;10;5;0
05/24/1994;14;9;0
05/25/1994;15;9;1
05/26/1994;16;8;2
05/27/1994;20;9;1
05/28/1994;23;10;2
05/29/1994;19;9;1
05/30/1994;16;4;1
05/31/1994;17;7;0
06/01/1994;19;6;1
06/02/1994;15;6;2
06/03/1994;16;0;3
06/04/1994;15;4;4
06/05/1994;25;8;4
06/06/1994;14;4;0
06/07/1994;16;3;2
06/08/1994;18;7;1
06/09/1994;11;5;0
06/10/1994;15;7;2
06/11/1994;13;3;0
06/12/1994;10;5;1
06/13/1994;13;2;0
06/14/1994;18;5;2
06/15/1994;13;6;1
06/16/1994;16;6;2
06/17/1994;17;4;1
06/18/1994;16;8;2
06/19/1994;22;6;1
06/20/1994;16;9;1
06/21/1994;13;4;1
06/22/1994;18;9;0
06/23/1994;20;7;2
06/24/1994;8;2;0
06/25/1994;12;5;0
06/26/1994;29;8;1
06/27/1994;12;5;0
06/28/1994;16;8;2
06/29/1994;18;7;2
06/30/1994;18;4;3
07/01/1994;18;11;0
07/02/1994;20;6;1
07/03/1994;18;6;1
07/04/1994;17;6;1
07/05/1994;25;9;4
07/06/1994;18;8;3
07/07/1994;27;14;2
07/08/1994;15;5;2
07/09/1994;13;6;0
07/10/1994;23;9;2
07/11/1994;18;9;0
07/12/1994;17;5;1
07/13/1994;17;7;1
07/14/1994;15;4;1
07/15/1994;14;4;0
07/16/1994;19;8;1
07/17/1994;17;7;2
07/18/1994;29;13;0
07/19/1994;17;5;1
07/20/1994;23;6;2
07/21/1994;17;5;0
07/22/1994;18;6;2
07/23/1994;13;5;1
07/24/1994;15;7;0
07/25/1994;19;7;0
07/26/1994;20;7;0
07/27/1994;17;8;0
07/28/1994;16;5;0
07/29/1994;23;11;2
07/30/1994;19;8;2
07/31/1994;19;5;2
08/01/1994;19;12;0
08/02/1994;18;7;2
08/03/1994;16;7;3
08/04/1994;27;9;5
08/05/1994;18;3;3
08/06/1994;31;12;1
08/07/1994;22;7;2
08/08/1994;26;11;2
08/09/1994;23;13;1
08/10/1994;13;4;0
08/11/1994;19;6;3
08/12/1994;19;7;3
08/13/1994;14;5;0
08/14/1994;30;14;3
08/15/1994;12;7;0
08/16/1994;26;13;2
08/17/1994;15;7;0
08/18/1994;23;9;4
08/19/1994;20;12;1
08/20/1994;20;8;1
08/21/1994;23;12;1
08/22/1994;24;12;3
08/23/1994;14;4;1
08/24/1994;14;6;2
08/25/1994;17;6;1
08/26/1994;15;5;0
08/27/1994;16;5;3
08/28/1994;23;7;7
08/29/1994;24;10;3
08/30/1994;14;2;3
08/31/1994;24;7;3
09/01/1994;17;4;2
09/02/1994;12;6;0
09/03/1994;12;5;1
09/04/1994;16;3;1
09/05/1994;11;4;0
09/06/1994;14;6;0
09/07/1994;22;8;1
09/08/1994;19;6;1
09/09/1994;11;7;1
09/10/1994;23;9;1
09/11/1994;16;9;0
09/12/1994;18;7;0
09/13/1994;21;8;1
09/14/1994;11;6;1
09/15/1994;12;5;1
09/16/1994;23;7;3
09/17/1994;11;2;2
09/18/1994;15;8;1
09/19/1994;11;2;0
09/20/1994;15;4;0
09/21/1994;16;6;1
09/22/1994;14;5;2
09/23/1994;16;5;1
09/24/1994;18;8;0
09/25/1994;16;9;0
09/26/1994;21;8;3
09/27/1994;17;8;3
09/28/1994;15;5;1
09/29/1994;18;5;0
09/30/1994;16;3;3
10/01/1994;14;4;2
10/02/1994;23;7;3
10/03/1994;18;7;1
10/04/1994;26;9;1
10/05/1994;19;7;0
10/06/1994;14;5;1
10/07/1994;19;8;1
10/08/1994;20;9;0
10/09/1994;17;8;3
10/10/1994;15;6;2
10/11/1994;21;9;2
10/12/1994;15;6;2
10/13/1994;22;9;2
10/14/1994;18;6;2
10/15/1994;18;8;3
10/16/1994;19;8;1
10/17/1994;12;4;1
10/18/1994;19;9;2
10/19/1994;18;6;0
10/20/1994;12;3;2
10/21/1994;21;5;3
10/22/1994;16;6;0
10/23/1994;17;5;4
10/24/1994;18;5;3
10/25/1994;17;9;1
10/26/1994;17;4;3
10/27/1994;17;9;0
10/28/1994;18;5;2
10/29/1994;22;8;3
10/30/1994;13;1;2
10/31/1994;9;5;1
11/01/1994;16;6;1
11/02/1994;13;6;2
11/03/1994;14;4;1
11/04/1994;17;7;0
11/05/1994;18;7;2
11/06/1994;11;3;1
11/07/1994;25;13;0
11/08/1994;16;7;2
11/09/1994;19;8;1
11/10/1994;7;4;0
11/11/1994;13;6;0
11/12/1994;15;5;2
11/13/1994;19;7;0
11/14/1994;20;12;1
11/15/1994;16;7;3
11/16/1994;26;14;0
11/17/1994;21;10;1
11/18/1994;14;7;0
11/19/1994;17;8;2
11/20/1994;21;9;2
11/21/1994;17;8;1
11/22/1994;16;3;3
11/23/1994;19;6;2
11/24/1994;9;6;0
11/25/1994;13;3;1
11/26/1994;22;9;2
11/27/1994;16;10;1
11/28/1994;20;14;2
11/29/1994;16;7;0
11/30/1994;19;5;2
12/01/1994;21;9;3
12/02/1994;20;5;4
12/03/1994;12;6;1
12/04/1994;20;8;1
12/05/1994;15;6;3
12/06/1994;15;7;1
12/07/1994;18;9;2
12/08/1994;20;4;0
12/09/1994;20;6;1
12/10/1994;16;6;1
12/11/1994;17;6;0
12/12/1994;17;6;0
12/13/1994;16;7;0
12/14/1994;28;12;3
12/15/1994;14;6;2
12/16/1994;15;9;1
12/17/1994;16;5;2
12/18/1994;20;7;0
12/19/1994;15;6;3
12/20/1994;14;7;1
12/21/1994;17;7;3
12/22/1994;22;8;0
12/23/1994;12;6;2
12/24/1994;18;8;5
12/25/1994;23;4;2
12/26/1994;25;10;1
12/27/1994;18;10;4
12/28/1994;20;6;3
12/29/1994;20;7;1
12/30/1994;22;9;0
12/31/1994;25;10;4
01/01/1995;23;7;2
01/02/1995;21;10;1
01/03/1995;16;7;4
01/04/1995;23;8;4
01/05/1995;21;7;1
01/06/1995;30;16;1
01/07/1995;17;7;1
01/08/1995;19;9;3
01/09/1995;25;9;0
01/10/1995;25;12;2
01/11/1995;29;12;1
01/12/1995;18;6;1
01/13/1995;17;12;2
01/14/1995;18;5;0
01/15/1995;21;7;2
01/16/1995;28;13;2
01/17/1995;25;9;4
01/18/1995;26;11;2
01/19/1995;25;11;2
01/20/1995;22;8;3
01/21/1995;18;7;0
01/22/1995;15;6;3
01/23/1995;20;7;2
01/24/1995;10;5;1
01/25/1995;19;9;2
01/26/1995;15;4;2
01/27/1995;33;11;5
01/28/1995;15;3;1
01/29/1995;18;10;1
01/30/1995;26;12;3
01/31/1995;19;9;2
02/01/1995;20;11;2
02/02/1995;22;5;6
02/03/1995;21;11;1
02/04/1995;20;6;3
02/05/1995;23;8;5
02/06/1995;20;8;4
02/07/1995;14;2;1
02/08/1995;18;6;2
02/09/1995;17;7;2
02/10/1995;29;13;1
02/11/1995;11;5;1
02/12/1995;24;13;2
02/13/1995;20;5;3
02/14/1995;16;4;3
02/15/1995;9;3;0
02/16/1995;18;5;4
02/17/1995;18;7;0
02/18/1995;22;9;1
02/19/1995;19;8;4
02/20/1995;24;15;2
02/21/1995;19;10;3
02/22/1995;18;8;2
02/23/1995;20;7;1
02/24/1995;20;7;2
02/25/1995;31;9;2
02/26/1995;15;4;1
02/27/1995;15;6;4
02/28/1995;19;9;0
03/01/1995;15;5;2
03/02/1995;17;5;2
03/03/1995;18;7;1
03/04/1995;25;10;2
03/05/1995;21;7;1
03/06/1995;22;7;1
03/07/1995;20;4;4
03/08/1995;14;7;1
03/09/1995;23;9;3
03/10/1995;12;5;1
03/11/1995;25;12;2
03/12/1995;22;7;5
03/13/1995;13;7;1
03/14/1995;17;8;2
03/15/1995;27;7;3
03/16/1995;24;10;4
03/17/1995;16;7;3
03/18/1995;22;9;0
03/19/1995;25;11;3
03/20/1995;34;9;3
03/21/1995;16;7;2
03/22/1995;22;10;1
03/23/1995;18;8;2
03/24/1995;18;6;2
03/25/1995;20;9;4
03/26/1995;16;5;2
03/27/1995;25;10;2
03/28/1995;21;9;1
03/29/1995;22;7;4
03/30/1995;23;9;0
03/31/1995;4;1;2
04/01/1995;18;3;3
04/02/1995;19;8;2
04/03/1995;21;10;0
04/04/1995;17;5;2
04/05/1995;22;12;2
04/06/1995;11;5;0
04/07/1995;17;5;0
04/08/1995;18;2;1
04/09/1995;18;10;3
04/10/1995;15;5;0
04/11/1995;21;10;0
04/12/1995;24;9;2
04/13/1995;26;10;5
04/14/1995;14;7;3
04/15/1995;15;5;3
04/16/1995;17;5;2
04/17/1995;21;9;2
04/18/1995;11;4;2
04/19/1995;26;16;1
04/20/1995;19;7;2
04/21/1995;13;7;0
04/22/1995;15;5;1
04/23/1995;17;4;4
04/24/1995;14;3;4
04/25/1995;14;10;1
04/26/1995;21;12;3
04/27/1995;16;3;2
04/28/1995;13;6;0
04/29/1995;25;12;1
04/30/1995;34;12;3
05/01/1995;27;9;0
05/02/1995;15;6;1
05/03/1995;13;5;0
05/04/1995;23;6;4
05/05/1995;23;10;1
05/06/1995;16;7;3
05/07/1995;16;5;0
05/08/1995;13;4;3
05/09/1995;18;7;1
05/10/1995;23;16;0
05/11/1995;13;8;0
05/12/1995;11;3;1
05/13/1995;16;5;0
05/14/1995;11;5;1
05/15/1995;13;5;1
05/16/1995;14;8;1
05/17/1995;17;2;1
05/18/1995;12;2;0
05/19/1995;17;8;2
05/20/1995;11;6;0
05/21/1995;16;8;1
05/22/1995;13;5;2
05/23/1995;15;7;2
05/24/1995;13;2;1
05/25/1995;15;8;2
05/26/1995;11;2;2
05/27/1995;19;7;2
05/28/1995;17;5;1
05/29/1995;18;6;3
05/30/1995;15;5;2
05/31/1995;12;6;0
06/01/1995;18;5;4
06/02/1995;11;4;0
06/03/1995;23;7;3
06/04/1995;16;6;1
06/05/1995;15;7;0
06/06/1995;22;5;3
06/07/1995;17;8;0
06/08/1995;11;4;1
06/09/1995;13;5;0
06/10/1995;12;5;0
06/11/1995;18;10;0
06/12/1995;18;12;1
06/13/1995;14;5;0
06/14/1995;15;6;1
06/15/1995;22;11;1
06/16/1995;20;9;2
06/17/1995;8;3;1
06/18/1995;17;9;0
06/19/1995;12;2;0
06/20/1995;14;6;0
06/21/1995;10;5;0
06/22/1995;18;11;2
06/23/1995;20;7;1
06/24/1995;23;8;1
06/25/1995;11;3;1
06/26/1995;15;5;1
06/27/1995;19;5;0
06/28/1995;17;8;2
06/29/1995;14;5;1
06/30/1995;20;6;3
07/01/1995;11;5;1
07/02/1995;20;6;6
07/03/1995;20;9;1
07/04/1995;11;8;0
07/05/1995;12;5;0
07/06/1995;19;7;2
07/07/1995;14;1;3
07/08/1995;14;5;2
07/09/1995;10;4;1
07/10/1995;17;6;2
07/11/1995;18;7;1
07/12/1995;17;3;1
07/13/1995;20;4;1
07/14/1995;17;8;0
07/15/1995;14;6;1
07/16/1995;18;5;1
07/17/1995;20;6;3
07/18/1995;14;7;0
07/19/1995;13;8;0
07/20/1995;21;6;0
07/21/1995;16;1;2
07/22/1995;16;6;2
07/23/1995;13;8;0
07/24/1995;21;12;0
07/25/1995;15;6;1
07/26/1995;14;5;0
07/27/1995;18;9;2
07/28/1995;15;2;3
07/29/1995;17;7;3
07/30/1995;19;5;2
07/31/1995;15;8;1
08/01/1995;12;4;2
08/02/1995;18;8;3
08/03/1995;9;6;1
08/04/1995;18;4;1
08/05/1995;19;6;0
08/06/1995;21;6;3
08/07/1995;19;8;1
08/08/1995;23;10;3
08/09/1995;19;4;1
08/10/1995;13;3;2
08/11/1995;14;4;0
08/12/1995;27;7;4
08/13/1995;19;8;1
08/14/1995;14;3;1
08/15/1995;11;3;0
08/16/1995;14;7;0
08/17/1995;14;9;1
08/18/1995;14;3;2
08/19/1995;14;5;0
08/20/1995;18;11;2
08/21/1995;19;8;2
08/22/1995;13;6;3
08/23/1995;11;1;0
08/24/1995;16;7;1
08/25/1995;18;10;1
08/26/1995;14;6;2
08/27/1995;20;7;2
08/28/1995;21;9;0
08/29/1995;13;6;1
08/30/1995;18;6;2
08/31/1995;16;5;0
09/01/1995;13;6;0
09/02/1995;10;3;0
09/03/1995;15;6;1
09/04/1995;17;3;3
09/05/1995;22;10;3
09/06/1995;11;5;2
09/07/1995;15;5;1
09/08/1995;13;3;1
09/09/1995;11;4;1
09/10/1995;17;6;2
09/11/1995;13;5;2
09/12/1995;25;10;2
09/13/1995;24;11;2
09/14/1995;12;3;0
09/15/1995;26;11;2
09/16/1995;15;4;2
09/17/1995;20;6;1
09/18/1995;15;5;1
09/19/1995;14;6;0
09/20/1995;12;7;2
09/21/1995;20;4;3
09/22/1995;9;6;3
09/23/1995;12;3;1
09/24/1995;17;7;1
09/25/1995;19;3;3
09/26/1995;15;6;2
09/27/1995;13;9;1
09/28/1995;11;5;2
09/29/1995;20;9;0
09/30/1995;22;7;1
10/01/1995;18;9;0
10/02/1995;16;9;2
10/03/1995;24;8;0
10/04/1995;12;3;2
10/05/1995;25;8;2
10/06/1995;18;6;1
10/07/1995;11;4;0
10/08/1995;16;5;3
10/09/1995;19;4;2
10/10/1995;18;7;2
10/11/1995;12;5;1
10/12/1995;15;5;1
10/13/1995;13;5;3
10/14/1995;12;3;1
10/15/1995;23;8;1
10/16/1995;13;6;1
10/17/1995;8;6;1
10/18/1995;10;4;2
10/19/1995;19;7;0
10/20/1995;21;7;2
10/21/1995;15;6;3
10/22/1995;23;9;0
10/23/1995;14;7;1
10/24/1995;19;6;0
10/25/1995;19;7;0
10/26/1995;13;3;2
10/27/1995;13;6;0
10/28/1995;18;7;2
10/29/1995;18;4;1
10/30/1995;11;6;1
10/31/1995;17;9;1
11/01/1995;21;13;0
11/02/1995;14;8;0
11/03/1995;18;10;0
11/04/1995;14;3;1
11/05/1995;18;9;1
11/06/1995;23;6;1
11/07/1995;16;2;1
11/08/1995;20;6;4
11/09/1995;12;3;1
11/10/1995;9;3;0
11/11/1995;23;7;2
11/12/1995;16;7;4
11/13/1995;21;7;3
11/14/1995;11;4;0
11/15/1995;18;9;0
11/16/1995;23;12;1
11/17/1995;21;12;1
11/18/1995;17;4;1
11/19/1995;16;6;4
11/20/1995;20;12;0
11/21/1995;13;6;2
11/22/1995;18;7;0
11/23/1995;11;6;2
11/24/1995;14;7;1
11/25/1995;19;10;0
11/26/1995;15;5;1
11/27/1995;15;4;2
11/28/1995;17;4;1
11/29/1995;19;10;2
11/30/1995;9;4;0
12/01/1995;21;7;2
12/02/1995;20;5;2
12/03/1995;21;9;1
12/04/1995;21;9;5
12/05/1995;14;4;2
12/06/1995;17;8;2
12/07/1995;22;11;1
12/08/1995;25;10;2
12/09/1995;19;8;2
12/10/1995;23;10;3
12/11/1995;27;8;2
12/12/1995;18;6;4
12/13/1995;27;15;4
12/14/1995;20;5;6
12/15/1995;23;10;2
12/16/1995;25;12;1
12/17/1995;29;12;3
12/18/1995;25;11;3
12/19/1995;29;12;3
12/20/1995;31;15;4
12/21/1995;17;5;2
12/22/1995;28;5;2
12/23/1995;29;12;4
12/24/1995;27;14;2
12/25/1995;23;10;3
12/26/1995;25;11;1
12/27/1995;29;14;3
12/28/1995;26;13;1
12/29/1995;22;9;1
12/30/1995;20;7;4
12/31/1995;28;10;5
01/01/1996;20;7;2
01/02/1996;21;9;0
01/03/1996;26;11;5
01/04/1996;22;8;4
01/05/1996;21;11;1
01/06/1996;24;12;3
01/07/1996;28;13;2
01/08/1996;27;14;2
01/09/1996;25;8;5
01/10/1996;23;5;1
01/11/1996;21;6;3
01/12/1996;14;7;1
01/13/1996;16;7;1
01/14/1996;23;14;1
01/15/1996;24;16;3
01/16/1996;31;10;4
01/17/1996;13;2;4
01/18/1996;18;11;2
01/19/1996;25;9;6
01/20/1996;23;9;2
01/21/1996;24;11;5
01/22/1996;19;6;3
01/23/1996;16;7;1
01/24/1996;24;12;2
01/25/1996;15;7;1
01/26/1996;19;9;1
01/27/1996;29;10;2
01/28/1996;14;6;1
01/29/1996;14;5;2
01/30/1996;27;12;3
01/31/1996;21;4;4
02/01/1996;16;5;2
02/02/1996;20;10;2
02/03/1996;19;5;2
02/04/1996;26;6;3
02/05/1996;18;8;2
02/06/1996;17;6;1
02/07/1996;27;13;4
02/08/1996;27;14;2
02/09/1996;15;5;0
02/10/1996;21;6;1
02/11/1996;19;9;2
02/12/1996;20;8;0
02/13/1996;22;7;2
02/14/1996;15;4;4
02/15/1996;20;6;3
02/16/1996;19;10;2
02/17/1996;21;8;1
02/18/1996;21;10;2
02/19/1996;12;4;3
02/20/1996;15;9;1
02/21/1996;17;7;2
02/22/1996;26;12;4
02/23/1996;30;13;1
02/24/1996;30;8;1
02/25/1996;16;6;1
02/26/1996;23;11;3
02/27/1996;25;12;2
02/28/1996;23;12;1
02/29/1996;22;7;2
03/01/1996;18;9;1
03/02/1996;22;11;1
03/03/1996;18;9;4
03/04/1996;14;3;1
03/05/1996;20;7;2
03/06/1996;20;10;1
03/07/1996;26;8;4
03/08/1996;26;9;2
03/09/1996;25;15;0
03/10/1996;18;6;3
03/11/1996;16;7;1
03/12/1996;22;7;1
03/13/1996;23;9;2
03/14/1996;25;7;4
03/15/1996;19;5;5
03/16/1996;17;8;3
03/17/1996;15;5;0
03/18/1996;22;8;3
03/19/1996;14;5;0
03/20/1996;27;14;1
03/21/1996;22;4;6
03/22/1996;16;6;3
03/23/1996;13;6;1
03/24/1996;24;13;3
03/25/1996;21;6;3
03/26/1996;24;9;5
03/27/1996;21;9;4
03/28/1996;20;5;3
03/29/1996;28;9;4
03/30/1996;7;3;0
03/31/1996;20;9;0
04/01/1996;22;9;3
04/02/1996;21;12;0
04/03/1996;17;5;2
04/04/1996;19;11;1
04/05/1996;18;6;1
04/06/1996;20;7;5
04/07/1996;24;11;4
04/08/1996;16;8;2
04/09/1996;23;10;1
04/10/1996;22;8;2
04/11/1996;13;8;0
04/12/1996;21;3;4
04/13/1996;12;6;0
04/14/1996;25;7;5
04/15/1996;15;2;1
04/16/1996;13;6;1
04/17/1996;17;6;3
04/18/1996;17;6;3
04/19/1996;15;6;1
04/20/1996;11;6;1
04/21/1996;16;6;1
04/22/1996;25;13;2
04/23/1996;21;11;1
04/24/1996;25;6;4
04/25/1996;16;6;3
04/26/1996;17;7;1
04/27/1996;12;6;0
04/28/1996;9;3;1
04/29/1996;23;7;2
04/30/1996;9;4;1
05/01/1996;15;5;1
05/02/1996;18;4;2
05/03/1996;10;5;0
05/04/1996;19;7;1
05/05/1996;25;8;2
05/06/1996;19;8;2
05/07/1996;21;10;1
05/08/1996;25;13;1
05/09/1996;13;6;0
05/10/1996;17;7;0
05/11/1996;20;8;2
05/12/1996;16;6;2
05/13/1996;9;4;1
05/14/1996;15;5;1
05/15/1996;17;7;1
05/16/1996;18;4;1
05/17/1996;21;6;0
05/18/1996;19;10;1
05/19/1996;15;10;0
05/20/1996;11;2;1
05/21/1996;26;9;1
05/22/1996;17;7;1
05/23/1996;21;11;1
05/24/1996;17;9;1
05/25/1996;22;9;2
05/26/1996;17;6;2
05/27/1996;21;10;1
05/28/1996;23;9;4
05/29/1996;15;3;2
05/30/1996;11;5;0
05/31/1996;13;4;0
06/01/1996;14;6;1
06/02/1996;13;6;1
06/03/1996;14;3;2
06/04/1996;9;4;0
06/05/1996;14;5;1
06/06/1996;13;6;1
06/07/1996;19;2;2
06/08/1996;16;7;1
06/09/1996;14;8;0
06/10/1996;18;5;3
06/11/1996;17;4;1
06/12/1996;34;15;5
06/13/1996;16;5;1
06/14/1996;18;6;2
06/15/1996;19;5;2
06/16/1996;26;8;0
06/17/1996;20;10;2
06/18/1996;22;7;6
06/19/1996;22;7;3
06/20/1996;8;3;0
06/21/1996;21;6;1
06/22/1996;18;10;1
06/23/1996;18;11;0
06/24/1996;19;7;2
06/25/1996;18;5;1
06/26/1996;16;6;1
06/27/1996;20;5;1
06/28/1996;24;10;0
06/29/1996;18;5;1
06/30/1996;20;5;2
07/01/1996;12;5;1
07/02/1996;16;6;2
07/03/1996;16;5;1
07/04/1996;25;10;2
07/05/1996;16;5;1
07/06/1996;19;7;2
07/07/1996;10;7;1
07/08/1996;23;10;1
07/09/1996;18;8;3
07/10/1996;13;6;0
07/11/1996;13;4;0
07/12/1996;18;9;2
07/13/1996;20;9;2
07/14/1996;13;3;1
07/15/1996;17;5;0
07/16/1996;20;5;4
07/17/1996;13;4;3
07/18/1996;16;4;1
07/19/1996;21;5;4
07/20/1996;21;9;2
07/21/1996;27;13;5
07/22/1996;14;7;0
07/23/1996;21;11;3
07/24/1996;19;7;3
07/25/1996;20;7;1
07/26/1996;26;10;1
07/27/1996;16;7;1
07/28/1996;14;6;3
07/29/1996;21;13;2
07/30/1996;27;10;1
07/31/1996;22;5;5
08/01/1996;18;4;2
08/02/1996;25;9;2
08/03/1996;17;4;2
08/04/1996;17;8;1
08/05/1996;22;6;1
08/06/1996;17;4;4
08/07/1996;20;6;3
08/08/1996;14;6;1
08/09/1996;25;10;1
08/10/1996;26;8;5
08/11/1996;16;4;2
08/12/1996;21;10;2
08/13/1996;26;9;5
08/14/1996;12;3;3
08/15/1996;9;2;2
08/16/1996;17;8;1
08/17/1996;18;7;2
08/18/1996;17;5;1
08/19/1996;17;4;4
08/20/1996;16;7;0
08/21/1996;21;8;1
08/22/1996;19;7;4
08/23/1996;20;6;0
08/24/1996;18;9;0
08/25/1996;15;1;2
08/26/1996;13;4;1
08/27/1996;11;2;2
08/28/1996;17;7;0
08/29/1996;17;2;2
08/30/1996;7;5;1
08/31/1996;16;4;3
09/01/1996;14;4;3
09/02/1996;21;6;2
09/03/1996;9;2;1
09/04/1996;12;3;3
09/05/1996;14;8;1
09/06/1996;22;10;1
09/07/1996;10;4;2
09/08/1996;15;4;0
09/09/1996;13;7;1
09/10/1996;13;4;0
09/11/1996;15;7;0
09/12/1996;12;4;0
09/13/1996;12;7;1
09/14/1996;12;3;3
09/15/1996;21;8;0
09/16/1996;17;8;1
09/17/1996;17;6;0
09/18/1996;12;6;3
09/19/1996;18;6;1
09/20/1996;14;6;1
09/21/1996;22;9;1
09/22/1996;18;7;0
09/23/1996;17;5;4
09/24/1996;26;9;1
09/25/1996;13;7;0
09/26/1996;22;8;3
09/27/1996;18;5;3
09/28/1996;23;8;2
09/29/1996;18;6;3
09/30/1996;17;2;2
10/01/1996;13;2;1
10/02/1996;18;4;4
10/03/1996;17;6;2
10/04/1996;14;7;1
10/05/1996;17;5;2
10/06/1996;14;9;0
10/07/1996;9;3;0
10/08/1996;12;5;0
10/09/1996;24;9;2
10/10/1996;19;9;0
10/11/1996;23;9;0
10/12/1996;18;6;5
10/13/1996;22;7;4
10/14/1996;17;5;1
10/15/1996;18;3;3
10/16/1996;27;9;1
10/17/1996;11;2;0
10/18/1996;19;7;0
10/19/1996;20;3;3
10/20/1996;23;8;1
10/21/1996;21;11;0
10/22/1996;19;5;0
10/23/1996;25;10;1
10/24/1996;13;4;2
10/25/1996;21;9;1
10/26/1996;22;9;2
10/27/1996;18;7;1
10/28/1996;13;5;1
10/29/1996;26;10;0
10/30/1996;11;5;2
10/31/1996;13;6;0
11/01/1996;20;10;1
11/02/1996;8;4;0
11/03/1996;11;2;3
11/04/1996;20;7;3
11/05/1996;19;11;0
11/06/1996;13;7;1
11/07/1996;16;6;0
11/08/1996;24;10;2
11/09/1996;12;4;1
11/10/1996;14;3;2
11/11/1996;15;6;3
11/12/1996;13;6;2
11/13/1996;16;6;0
11/14/1996;22;7;5
11/15/1996;31;19;1
11/16/1996;32;10;1
11/17/1996;18;7;1
11/18/1996;23;16;3
11/19/1996;22;7;1
11/20/1996;19;9;2
11/21/1996;15;6;1
11/22/1996;26;14;0
11/23/1996;21;9;2
11/24/1996;29;10;2
11/25/1996;12;5;0
11/26/1996;21;10;0
11/27/1996;18;6;1
11/28/1996;25;8;1
11/29/1996;25;13;2
11/30/1996;36;18;3
12/01/1996;16;8;2
12/02/1996;19;11;1
12/03/1996;13;4;2
12/04/1996;28;7;4
12/05/1996;20;6;2
12/06/1996;24;8;4
12/07/1996;18;6;0
12/08/1996;22;5;4
12/09/1996;27;11;3
12/10/1996;19;8;1
12/11/1996;24;15;2
12/12/1996;27;12;3
12/13/1996;25;11;4
12/14/1996;25;5;2
12/15/1996;27;11;3
12/16/1996;24;12;1
12/17/1996;15;4;1
12/18/1996;20;8;3
12/19/1996;20;7;0
12/20/1996;25;14;1
12/21/1996;19;5;3
12/22/1996;26;6;3
12/23/1996;28;16;3
12/24/1996;13;7;2
12/25/1996;27;12;4
12/26/1996;17;6;5
12/27/1996;22;7;3
12/28/1996;22;6;2
12/29/1996;20;6;3
12/30/1996;16;6;5
12/31/1996;27;7;5
01/01/1997;27;11;3
01/02/1997;18;7;1
01/03/1997;26;7;5
01/04/1997;27;9;6
01/05/1997;27;7;6
01/06/1997;24;11;5
01/07/1997;30;15;3
01/08/1997;22;12;3
01/09/1997;38;12;11
01/10/1997;37;12;7
01/11/1997;19;10;5
01/12/1997;20;3;7
01/13/1997;21;5;2
01/14/1997;30;16;6
01/15/1997;17;5;2
01/16/1997;19;9;2
01/17/1997;25;10;4
01/18/1997;17;6;3
01/19/1997;32;6;8
01/20/1997;19;9;0
01/21/1997;22;12;2
01/22/1997;28;15;2
01/23/1997;22;9;2
01/24/1997;14;6;1
01/25/1997;21;5;5
01/26/1997;18;9;3
01/27/1997;26;15;0
01/28/1997;17;6;2
01/29/1997;22;7;4
01/30/1997;13;5;4
01/31/1997;20;9;2
02/01/1997;30;15;2
02/02/1997;27;8;3
02/03/1997;24;7;2
02/04/1997;24;9;4
02/05/1997;22;8;5
02/06/1997;12;7;0
02/07/1997;21;11;3
02/08/1997;20;7;2
02/09/1997;14;5;1
02/10/1997;15;6;1
02/11/1997;22;11;5
02/12/1997;20;8;0
02/13/1997;20;9;2
02/14/1997;18;6;2
02/15/1997;22;10;1
02/16/1997;22;12;4
02/17/1997;21;11;2
02/18/1997;17;7;3
02/19/1997;21;13;0
02/20/1997;18;9;1
02/21/1997;19;5;1
02/22/1997;21;13;0
02/23/1997;27;13;2
02/24/1997;22;6;6
02/25/1997;26;10;2
02/26/1997;15;6;1
02/27/1997;26;10;5
02/28/1997;27;11;4
03/01/1997;18;10;3
03/02/1997;25;8;4
03/03/1997;29;12;3
03/04/1997;18;8;1
03/05/1997;26;12;0
03/06/1997;26;14;3
03/07/1997;18;5;3
03/08/1997;15;3;4
03/09/1997;11;4;0
03/10/1997;23;8;5
03/11/1997;17;6;5
03/12/1997;17;7;1
03/13/1997;25;9;6
03/14/1997;21;9;3
03/15/1997;23;8;4
03/16/1997;21;5;4
03/17/1997;12;3;1
03/18/1997;22;12;4
03/19/1997;25;17;0
03/20/1997;23;7;3
03/21/1997;23;10;3
03/22/1997;20;8;2
03/23/1997;19;4;4
03/24/1997;22;9;2
03/25/1997;24;13;2
03/26/1997;23;5;6
03/27/1997;19;7;2
03/28/1997;15;5;1
03/29/1997;12;3;1
03/30/1997;22;8;2
03/31/1997;15;5;2
04/01/1997;20;8;1
04/02/1997;18;8;2
04/03/1997;24;6;5
04/04/1997;18;3;1
04/05/1997;24;12;3
04/06/1997;14;7;2
04/07/1997;28;16;1
04/08/1997;15;4;2
04/09/1997;22;11;2
04/10/1997;20;8;4
04/11/1997;17;4;1
04/12/1997;11;6;1
04/13/1997;19;5;2
04/14/1997;12;6;1
04/15/1997;17;7;2
04/16/1997;18;7;0
04/17/1997;21;10;2
04/18/1997;18;9;0
04/19/1997;25;9;2
04/20/1997;20;4;4
04/21/1997;24;9;3
04/22/1997;18;8;1
04/23/1997;14;4;3
04/24/1997;17;7;3
04/25/1997;21;6;2
04/26/1997;11;2;1
04/27/1997;19;6;4
04/28/1997;15;7;0
04/29/1997;24;9;1
04/30/1997;15;5;1
05/01/1997;16;5;1
05/02/1997;13;6;2
05/03/1997;18;6;0
05/04/1997;9;5;0
05/05/1997;21;6;2
05/06/1997;13;2;3
05/07/1997;16;7;2
05/08/1997;19;9;1
05/09/1997;13;5;1
05/10/1997;25;8;7
05/11/1997;24;10;1
05/12/1997;18;6;2
05/13/1997;11;3;1
05/14/1997;25;8;5
05/15/1997;19;7;3
05/16/1997;22;6;2
05/17/1997;18;3;2
05/18/1997;13;6;2
05/19/1997;23;13;1
05/20/1997;13;4;0
05/21/1997;21;11;0
05/22/1997;6;1;0
05/23/1997;9;1;1
05/24/1997;17;4;1
05/25/1997;22;8;0
05/26/1997;24;8;2
05/27/1997;14;8;1
05/28/1997;18;7;1
05/29/1997;25;12;3
05/30/1997;18;2;2
05/31/1997;24;9;1
06/01/1997;11;3;0
06/02/1997;16;4;5
06/03/1997;21;9;2
06/04/1997;12;7;0
06/05/1997;16;4;1
06/06/1997;16;3;3
06/07/1997;17;6;0
06/08/1997;12;5;0
06/09/1997;9;4;0
06/10/1997;22;6;2
06/11/1997;16;6;1
06/12/1997;22;9;3
06/13/1997;23;7;3
06/14/1997;13;6;0
06/15/1997;15;7;0
06/16/1997;13;5;1
06/17/1997;22;9;3
06/18/1997;18;7;0
06/19/1997;24;10;2
06/20/1997;16;8;1
06/21/1997;15;4;1
06/22/1997;18;5;3
06/23/1997;14;5;1
06/24/1997;17;4;2
06/25/1997;17;5;0
06/26/1997;19;3;2
06/27/1997;13;2;2
06/28/1997;18;7;2
06/29/1997;10;2;3
06/30/1997;13;5;3
07/01/1997;18;6;1
07/02/1997;17;5;1
07/03/1997;19;7;2
07/04/1997;23;11;1
07/05/1997;16;5;2
07/06/1997;7;4;0
07/07/1997;14;5;1
07/08/1997;19;10;1
07/09/1997;18;5;0
07/10/1997;13;4;2
07/11/1997;26;11;1
07/12/1997;22;8;2
07/13/1997;14;7;1
07/14/1997;23;8;0
07/15/1997;8;1;0
07/16/1997;21;4;2
07/17/1997;17;7;1
07/18/1997;10;4;0
07/19/1997;17;6;1
07/20/1997;13;3;2
07/21/1997;15;4;2
07/22/1997;10;4;1
07/23/1997;28;7;2
07/24/1997;23;8;1
07/25/1997;17;4;3
07/26/1997;19;6;2
07/27/1997;16;7;4
07/28/1997;16;3;0
07/29/1997;15;7;1
07/30/1997;11;2;0
07/31/1997;18;4;1
08/01/1997;20;12;0
08/02/1997;11;1;2
08/03/1997;14;5;0
08/04/1997;25;8;5
08/05/1997;16;6;2
08/06/1997;17;3;3
08/07/1997;22;12;3
08/08/1997;15;5;1
08/09/1997;18;6;2
08/10/1997;19;9;2
08/11/1997;17;6;3
08/12/1997;26;8;3
08/13/1997;21;10;2
08/14/1997;15;3;0
08/15/1997;16;4;1
08/16/1997;13;6;2
08/17/1997;16;9;3
08/18/1997;15;4;1
08/19/1997;13;5;0
08/20/1997;17;9;2
08/21/1997;23;7;3
08/22/1997;15;6;2
08/23/1997;11;4;0
08/24/1997;9;3;1
08/25/1997;21;10;4
08/26/1997;12;4;2
08/27/1997;16;5;2
08/28/1997;24;13;0
08/29/1997;18;11;0
08/30/1997;12;3;0
08/31/1997;18;5;4
09/01/1997;14;7;1
09/02/1997;18;9;0
09/03/1997;18;9;0
09/04/1997;20;8;1
09/05/1997;13;4;1
09/06/1997;20;3;1
09/07/1997;21;3;4
09/08/1997;20;5;2
09/09/1997;24;6;0
09/10/1997;15;5;3
09/11/1997;12;4;1
09/12/1997;16;5;2
09/13/1997;13;2;0
09/14/1997;23;7;2
09/15/1997;10;4;2
09/16/1997;24;13;0
09/17/1997;11;2;0
09/18/1997;13;7;0
09/19/1997;24;9;2
09/20/1997;16;6;1
09/21/1997;18;6;1
09/22/1997;17;6;1
09/23/1997;27;14;6
09/24/1997;20;12;0
09/25/1997;13;4;0
09/26/1997;12;5;1
09/27/1997;17;2;1
09/28/1997;12;4;0
09/29/1997;18;7;1
09/30/1997;15;6;0
10/01/1997;12;5;1
10/02/1997;13;5;2
10/03/1997;10;4;0
10/04/1997;18;10;1
10/05/1997;13;4;1
10/06/1997;20;7;4
10/07/1997;13;8;0
10/08/1997;12;5;0
10/09/1997;20;9;1
10/10/1997;18;3;3
10/11/1997;19;6;2
10/12/1997;11;2;0
10/13/1997;19;7;2
10/14/1997;20;2;1
10/15/1997;20;3;2
10/16/1997;10;2;0
10/17/1997;15;4;0
10/18/1997;19;11;1
10/19/1997;30;10;1
10/20/1997;12;4;0
10/21/1997;11;4;1
10/22/1997;19;7;4
10/23/1997;22;7;3
10/24/1997;21;3;2
10/25/1997;16;6;2
10/26/1997;21;5;3
10/27/1997;13;7;0
10/28/1997;11;4;2
10/29/1997;14;8;0
10/30/1997;15;6;0
10/31/1997;18;7;0
11/01/1997;16;9;1
11/02/1997;12;6;0
11/03/1997;23;10;2
11/04/1997;24;8;3
11/05/1997;18;13;0
11/06/1997;17;7;1
11/07/1997;9;3;1
11/08/1997;13;6;0
11/09/1997;15;8;1
11/10/1997;14;2;2
11/11/1997;19;8;1
11/12/1997;19;6;2
11/13/1997;19;7;0
11/14/1997;21;10;3
11/15/1997;19;10;1
11/16/1997;27;13;3
11/17/1997;15;5;2
11/18/1997;24;8;4
11/19/1997;22;4;1
11/20/1997;16;5;2
11/21/1997;10;0;2
11/22/1997;14;4;2
11/23/1997;25;10;3
11/24/1997;10;4;1
11/25/1997;23;8;3
11/26/1997;14;5;2
11/27/1997;22;9;5
11/28/1997;16;4;2
11/29/1997;19;6;1
11/30/1997;28;11;1
12/01/1997;18;11;2
12/02/1997;19;8;2
12/03/1997;18;9;0
12/04/1997;14;7;1
12/05/1997;16;10;2
12/06/1997;26;12;2
12/07/1997;24;6;4
12/08/1997;20;8;0
12/09/1997;28;7;5
12/10/1997;23;8;2
12/11/1997;27;10;3
12/12/1997;25;11;1
12/13/1997;28;14;2
12/14/1997;16;3;2
12/15/1997;21;8;2
12/16/1997;18;6;1
12/17/1997;20;6;1
12/18/1997;19;7;3
12/19/1997;26;9;3
12/20/1997;15;8;2
12/21/1997;24;15;3
12/22/1997;27;12;3
12/23/1997;21;8;5
12/24/1997;23;4;3
12/25/1997;27;10;6
12/26/1997;17;6;4
12/27/1997;23;8;5
12/28/1997;22;10;4
12/29/1997;28;8;8
12/30/1997;21;7;2
12/31/1997;33;12;4
01/01/1998;31;12;6
01/02/1998;29;9;7
01/03/1998;40;11;7
01/04/1998;34;15;2
01/05/1998;41;9;15
01/06/1998;33;20;6
01/07/1998;30;14;3
01/08/1998;24;14;1
01/09/1998;33;16;5
01/10/1998;26;11;6
01/11/1998;19;8;5
01/12/1998;30;8;7
01/13/1998;32;16;6
01/14/1998;22;7;6
01/15/1998;24;10;7
01/16/1998;24;7;2
01/17/1998;26;9;6
01/18/1998;25;12;4
01/19/1998;26;13;3
01/20/1998;14;6;1
01/21/1998;17;5;5
01/22/1998;31;14;3
01/23/1998;14;5;4
01/24/1998;24;5;6
01/25/1998;27;11;4
01/26/1998;23;10;3
01/27/1998;26;7;6
01/28/1998;32;15;3
01/29/1998;22;10;0
01/30/1998;26;6;7
01/31/1998;20;5;3
02/01/1998;26;12;2
02/02/1998;26;10;3
02/03/1998;17;8;0
02/04/1998;27;10;4
02/05/1998;23;10;1
02/06/1998;17;7;1
02/07/1998;16;4;1
02/08/1998;13;6;1
02/09/1998;18;4;1
02/10/1998;23;6;8
02/11/1998;19;6;1
02/12/1998;11;3;3
02/13/1998;14;9;2
02/14/1998;17;5;3
02/15/1998;25;12;0
02/16/1998;38;20;6
02/17/1998;18;9;2
02/18/1998;22;11;4
02/19/1998;15;7;2
02/20/1998;20;7;6
02/21/1998;24;6;6
02/22/1998;14;6;3
02/23/1998;17;8;2
02/24/1998;18;8;4
02/25/1998;29;10;4
02/26/1998;22;10;1
02/27/1998;20;8;3
02/28/1998;21;7;3
03/01/1998;11;6;2
03/02/1998;18;9;2
03/03/1998;21;6;2
03/04/1998;13;5;1
03/05/1998;19;5;2
03/06/1998;16;8;0
03/07/1998;31;13;3
03/08/1998;21;10;4
03/09/1998;21;7;6
03/10/1998;20;9;1
03/11/1998;19;9;2
03/12/1998;20;8;3
03/13/1998;17;10;1
03/14/1998;27;11;2
03/15/1998;19;9;2
03/16/1998;25;12;2
03/17/1998;18;5;2
03/18/1998;23;11;1
03/19/1998;18;10;1
03/20/1998;17;6;3
03/21/1998;14;5;3
03/22/1998;21;5;2
03/23/1998;21;7;3
03/24/1998;25;8;3
03/25/1998;24;7;4
03/26/1998;21;10;1
03/27/1998;22;8;0
03/28/1998;11;4;2
03/29/1998;13;6;1
03/30/1998;19;5;1
03/31/1998;14;6;3
04/01/1998;23;9;3
04/02/1998;18;8;1
04/03/1998;19;10;3
04/04/1998;26;7;3
04/05/1998;25;12;4
04/06/1998;30;11;5
04/07/1998;21;9;3
04/08/1998;13;3;1
04/09/1998;14;7;2
04/10/1998;17;6;2
04/11/1998;19;11;0
04/12/1998;12;7;1
04/13/1998;18;5;5
04/14/1998;22;11;0
04/15/1998;15;2;2
04/16/1998;24;9;2
04/17/1998;23;8;3
04/18/1998;12;5;0
04/19/1998;18;4;1
04/20/1998;13;8;1
04/21/1998;23;10;6
04/22/1998;21;7;3
04/23/1998;14;9;0
04/24/1998;17;4;2
04/25/1998;16;5;0
04/26/1998;18;7;5
04/27/1998;19;11;0
04/28/1998;28;13;4
04/29/1998;22;8;1
04/30/1998;12;7;0
05/01/1998;13;7;3
05/02/1998;13;3;2
05/03/1998;20;8;5
05/04/1998;16;4;6
05/05/1998;28;7;4
05/06/1998;19;7;0
05/07/1998;17;6;2
05/08/1998;15;6;1
05/09/1998;18;8;2
05/10/1998;17;6;2
05/11/1998;26;12;0
05/12/1998;15;9;0
05/13/1998;11;8;0
05/14/1998;27;14;1
05/15/1998;15;3;1
05/16/1998;21;8;1
05/17/1998;13;6;0
05/18/1998;25;10;2
05/19/1998;11;6;0
05/20/1998;17;5;1
05/21/1998;11;5;1
05/22/1998;15;8;0
05/23/1998;16;5;0
05/24/1998;13;3;1
05/25/1998;12;3;1
05/26/1998;20;9;3
05/27/1998;14;5;1
05/28/1998;11;5;0
05/29/1998;20;8;3
05/30/1998;14;5;1
05/31/1998;14;2;3
06/01/1998;14;5;0
06/02/1998;18;6;2
06/03/1998;21;8;3
06/04/1998;19;6;3
06/05/1998;22;10;2
06/06/1998;12;3;1
06/07/1998;13;6;2
06/08/1998;17;6;1
06/09/1998;28;6;5
06/10/1998;25;9;3
06/11/1998;14;4;2
06/12/1998;11;3;2
06/13/1998;6;2;1
06/14/1998;14;5;2
06/15/1998;23;11;2
06/16/1998;15;5;1
06/17/1998;9;3;0
06/18/1998;19;9;3
06/19/1998;14;5;0
06/20/1998;17;7;1
06/21/1998;10;3;3
06/22/1998;14;5;1
06/23/1998;14;6;2
06/24/1998;12;4;1
06/25/1998;6;1;0
06/26/1998;15;6;0
06/27/1998;12;2;0
06/28/1998;28;15;3
06/29/1998;19;8;2
06/30/1998;14;4;3
07/01/1998;9;5;0
07/02/1998;23;10;1
07/03/1998;12;3;0
07/04/1998;12;2;2
07/05/1998;22;12;0
07/06/1998;22;9;3
07/07/1998;18;7;2
07/08/1998;19;6;3
07/09/1998;22;10;5
07/10/1998;16;3;1
07/11/1998;19;8;4
07/12/1998;27;7;1
07/13/1998;25;9;2
07/14/1998;19;6;3
07/15/1998;21;10;1
07/16/1998;17;5;1
07/17/1998;26;8;2
07/18/1998;20;5;1
07/19/1998;22;8;2
07/20/1998;21;10;2
07/21/1998;20;7;2
07/22/1998;16;8;1
07/23/1998;18;8;1
07/24/1998;17;9;0
07/25/1998;15;4;0
07/26/1998;14;8;1
07/27/1998;21;8;3
07/28/1998;19;6;3
07/29/1998;13;6;0
07/30/1998;17;7;2
07/31/1998;14;9;1
08/01/1998;18;6;1
08/02/1998;16;5;1
08/03/1998;14;3;3
08/04/1998;15;5;1
08/05/1998;10;1;3
08/06/1998;17;5;0
08/07/1998;17;3;2
08/08/1998;19;9;1
08/09/1998;11;2;0
08/10/1998;14;6;0
08/11/1998;15;5;2
08/12/1998;22;8;1
08/13/1998;12;5;1
08/14/1998;16;10;2
08/15/1998;17;4;3
08/16/1998;17;5;3
08/17/1998;16;3;2
08/18/1998;15;3;0
08/19/1998;22;5;3
08/20/1998;17;5;1
08/21/1998;21;11;2
08/22/1998;19;6;3
08/23/1998;12;2;3
08/24/1998;23;8;5
08/25/1998;10;4;3
08/26/1998;23;4;4
08/27/1998;17;3;4
08/28/1998;19;9;1
08/29/1998;14;5;2
08/30/1998;18;8;2
08/31/1998;21;7;2
09/01/1998;17;3;2
09/02/1998;23;7;3
09/03/1998;15;6;3
09/04/1998;19;4;2
09/05/1998;12;4;1
09/06/1998;21;10;4
09/07/1998;22;8;4
09/08/1998;11;6;2
09/09/1998;18;9;1
09/10/1998;24;8;4
09/11/1998;11;5;0
09/12/1998;13;6;0
09/13/1998;12;4;2
09/14/1998;25;8;3
09/15/1998;13;4;2
09/16/1998;17;4;2
09/17/1998;17;3;2
09/18/1998;15;2;2
09/19/1998;20;5;2
09/20/1998;15;7;0
09/21/1998;14;4;2
09/22/1998;11;6;0
09/23/1998;24;10;1
09/24/1998;28;10;5
09/25/1998;21;10;1
09/26/1998;12;4;0
09/27/1998;15;4;3
09/28/1998;14;4;4
09/29/1998;19;9;1
09/30/1998;17;5;4
10/01/1998;18;8;2
10/02/1998;13;6;1
10/03/1998;19;8;2
10/04/1998;19;6;1
10/05/1998;25;8;7
10/06/1998;16;4;1
10/07/1998;7;4;0
10/08/1998;13;2;1
10/09/1998;16;6;3
10/10/1998;24;7;1
10/11/1998;12;3;2
10/12/1998;18;7;2
10/13/1998;13;4;1
10/14/1998;19;5;4
10/15/1998;11;7;2
10/16/1998;17;6;1
10/17/1998;23;5;1
10/18/1998;22;10;1
10/19/1998;24;5;2
10/20/1998;13;4;1
10/21/1998;20;7;3
10/22/1998;16;4;2
10/23/1998;13;5;1
10/24/1998;17;10;0
10/25/1998;16;9;0
10/26/1998;12;7;2
10/27/1998;14;4;1
10/28/1998;16;7;1
10/29/1998;13;3;0
10/30/1998;19;8;3
10/31/1998;21;7;3
11/01/1998;18;7;2
11/02/1998;26;11;1
11/03/1998;11;2;1
11/04/1998;22;7;4
11/05/1998;19;6;2
11/06/1998;18;6;1
11/07/1998;18;7;2
11/08/1998;14;1;2
11/09/1998;18;6;3
11/10/1998;24;8;2
11/11/1998;23;11;1
11/12/1998;12;5;0
11/13/1998;18;8;0
11/14/1998;14;6;0
11/15/1998;15;3;1
11/16/1998;14;4;2
11/17/1998;11;6;1
11/18/1998;16;4;1
11/19/1998;15;4;2
11/20/1998;11;5;0
11/21/1998;26;10;5
11/22/1998;18;8;1
11/23/1998;19;7;2
11/24/1998;15;5;4
11/25/1998;19;8;0
11/26/1998;20;11;0
11/27/1998;23;10;3
11/28/1998;15;6;1
11/29/1998;16;4;2
11/30/1998;17;8;2
12/01/1998;23;8;1
12/02/1998;16;4;0
12/03/1998;17;10;2
12/04/1998;19;8;2
12/05/1998;14;5;2
12/06/1998;21;6;1
12/07/1998;18;11;1
12/08/1998;23;4;5
12/09/1998;20;8;2
12/10/1998;19;3;1
12/11/1998;23;8;4
12/12/1998;23;10;1
12/13/1998;18;5;2
12/14/1998;22;9;0
12/15/1998;21;6;2
12/16/1998;16;8;1
12/17/1998;24;9;1
12/18/1998;24;9;2
12/19/1998;19;8;2
12/20/1998;23;9;6
12/21/1998;20;9;0
12/22/1998;25;12;4
12/23/1998;26;13;2
12/24/1998;21;10;2
12/25/1998;22;10;4
12/26/1998;20;8;2
12/27/1998;22;6;1
12/28/1998;16;7;3
12/29/1998;27;12;3
12/30/1998;20;9;2
12/31/1998;28;11;4
01/01/1999;24;10;4
01/02/1999;19;8;5
01/03/1999;32;11;4
01/04/1999;21;6;3
01/05/1999;22;9;3
01/06/1999;16;4;3
01/07/1999;25;9;2
01/08/1999;20;6;3
01/09/1999;22;10;0
01/10/1999;31;14;6
01/11/1999;16;7;1
01/12/1999;29;8;7
01/13/1999;14;7;3
01/14/1999;27;11;4
01/15/1999;32;16;2
01/16/1999;17;8;7
01/17/1999;21;10;3
01/18/1999;23;8;5
01/19/1999;24;8;6
01/20/1999;25;8;7
01/21/1999;23;6;4
01/22/1999;18;9;0
01/23/1999;21;13;3
01/24/1999;24;5;6
01/25/1999;22;10;4
01/26/1999;19;8;2
01/27/1999;17;4;4
01/28/1999;20;4;4
01/29/1999;20;12;1
01/30/1999;32;9;6
01/31/1999;30;8;9
02/01/1999;23;13;3
02/02/1999;16;8;3
02/03/1999;25;5;8
02/04/1999;25;10;5
02/05/1999;29;10;8
02/06/1999;28;9;3
02/07/1999;28;11;5
02/08/1999;33;15;10
02/09/1999;33;9;7
02/10/1999;33;14;5
02/11/1999;36;12;8
02/12/1999;32;15;9
02/13/1999;26;9;6
02/14/1999;25;12;4
02/15/1999;27;12;4
02/16/1999;43;12;10
02/17/1999;40;19;9
02/18/1999;28;12;10
02/19/1999;37;16;7
02/20/1999;32;9;9
02/21/1999;35;10;6
02/22/1999;37;14;6
02/23/1999;29;6;7
02/24/1999;47;16;7
02/25/1999;30;10;5
02/26/1999;46;21;12
02/27/1999;26;9;7
02/28/1999;35;13;4
03/01/1999;28;16;4
03/02/1999;29;8;10
03/03/1999;29;7;7
03/04/1999;29;13;4
03/05/1999;20;6;10
03/06/1999;28;10;7
03/07/1999;30;10;5
03/08/1999;21;4;5
03/09/1999;22;13;1
03/10/1999;19;8;5
03/11/1999;18;9;2
03/12/1999;27;12;5
03/13/1999;23;6;3
03/14/1999;21;12;2
03/15/1999;36;15;4
03/16/1999;20;4;6
03/17/1999;19;8;3
03/18/1999;26;8;6
03/19/1999;20;9;5
03/20/1999;31;7;6
03/21/1999;24;10;2
03/22/1999;17;10;3
03/23/1999;13;7;1
03/24/1999;20;9;4
03/25/1999;18;7;1
03/26/1999;21;4;2
03/27/1999;18;6;3
03/28/1999;17;3;5
03/29/1999;14;5;2
03/30/1999;17;6;4
03/31/1999;8;3;1
04/01/1999;17;3;1
04/02/1999;22;7;3
04/03/1999;19;7;4
04/04/1999;25;11;1
04/05/1999;17;7;2
04/06/1999;18;5;6
04/07/1999;22;12;3
04/08/1999;24;6;4
04/09/1999;19;7;0
04/10/1999;20;5;1
04/11/1999;19;7;4
04/12/1999;22;10;1
04/13/1999;25;10;5
04/14/1999;15;9;2
04/15/1999;19;7;2
04/16/1999;21;10;3
04/17/1999;22;6;4
04/18/1999;9;3;1
04/19/1999;20;10;1
04/20/1999;17;4;3
04/21/1999;22;10;1
04/22/1999;18;8;5
04/23/1999;13;4;2
04/24/1999;21;10;0
04/25/1999;16;6;2
04/26/1999;13;2;1
04/27/1999;20;4;4
04/28/1999;15;3;3
04/29/1999;18;6;1
04/30/1999;18;9;4
05/01/1999;15;5;2
05/02/1999;18;9;2
05/03/1999;22;9;3
05/04/1999;16;4;2
05/05/1999;21;6;3
05/06/1999;21;11;2
05/07/1999;17;7;3
05/08/1999;18;11;2
05/09/1999;12;6;0
05/10/1999;15;7;3
05/11/1999;15;3;2
05/12/1999;16;9;1
05/13/1999;12;4;1
05/14/1999;26;11;5
05/15/1999;13;3;3
05/16/1999;18;7;0
05/17/1999;10;6;0
05/18/1999;13;4;1
05/19/1999;24;10;2
05/20/1999;13;5;2
05/21/1999;20;4;2
05/22/1999;20;9;1
05/23/1999;13;4;2
05/24/1999;21;5;2
05/25/1999;22;9;1
05/26/1999;11;5;0
05/27/1999;14;8;0
05/28/1999;16;4;2
05/29/1999;12;7;2
05/30/1999;14;5;2
05/31/1999;18;3;5
06/01/1999;13;3;1
06/02/1999;16;4;1
06/03/1999;26;8;0
06/04/1999;17;7;1
06/05/1999;13;2;1
06/06/1999;20;5;3
06/07/1999;20;8;3
06/08/1999;21;9;4
06/09/1999;21;8;5
06/10/1999;25;7;3
06/11/1999;17;8;1
06/12/1999;14;7;2
06/13/1999;9;2;0
06/14/1999;16;7;2
06/15/1999;13;6;0
06/16/1999;10;3;1
06/17/1999;12;4;2
06/18/1999;11;2;2
06/19/1999;3;0;0
06/20/1999;14;7;1
06/21/1999;26;12;3
06/22/1999;26;4;5
06/23/1999;16;6;1
06/24/1999;10;1;0
06/25/1999;14;5;1
06/26/1999;24;5;2
06/27/1999;20;7;4
06/28/1999;17;5;0
06/29/1999;14;7;0
06/30/1999;10;3;2
07/01/1999;17;6;2
07/02/1999;17;5;2
07/03/1999;21;9;5
07/04/1999;23;9;2
07/05/1999;20;10;0
07/06/1999;16;9;2
07/07/1999;13;5;0
07/08/1999;12;2;2
07/09/1999;21;11;1
07/10/1999;16;7;1
07/11/1999;20;5;4
07/12/1999;17;10;1
07/13/1999;23;6;2
07/14/1999;13;5;0
07/15/1999;21;5;1
07/16/1999;22;13;2
07/17/1999;17;5;2
07/18/1999;15;1;1
07/19/1999;13;5;2
07/20/1999;15;7;1
07/21/1999;19;8;2
07/22/1999;15;9;1
07/23/1999;11;2;0
07/24/1999;20;6;2
07/25/1999;12;6;1
07/26/1999;14;8;0
07/27/1999;14;4;3
07/28/1999;14;3;1
07/29/1999;23;6;3
07/30/1999;13;5;3
07/31/1999;17;4;2
08/01/1999;17;6;3
08/02/1999;18;6;2
08/03/1999;25;11;2
08/04/1999;19;5;1
08/05/1999;17;7;2
08/06/1999;18;3;1
08/07/1999;18;6;2
08/08/1999;18;6;1
08/09/1999;18;7;5
08/10/1999;18;8;3
08/11/1999;14;7;2
08/12/1999;13;5;1
08/13/1999;17;6;3
08/14/1999;16;4;2
08/15/1999;18;7;4
08/16/1999;23;5;2
08/17/1999;15;5;3
08/18/1999;21;6;1
08/19/1999;26;12;4
08/20/1999;20;5;1
08/21/1999;17;8;3
08/22/1999;19;6;4
08/23/1999;19;3;4
08/24/1999;16;5;1
08/25/1999;14;3;4
08/26/1999;17;7;2
08/27/1999;16;6;2
08/28/1999;24;7;4
08/29/1999;11;3;2
08/30/1999;14;7;1
08/31/1999;13;7;1
09/01/1999;14;5;3
09/02/1999;21;8;4
09/03/1999;19;9;1
09/04/1999;13;2;1
09/05/1999;17;6;3
09/06/1999;20;6;4
09/07/1999;10;5;1
09/08/1999;15;4;3
09/09/1999;16;2;5
09/10/1999;19;3;3
09/11/1999;22;4;3
09/12/1999;21;5;1
09/13/1999;16;8;0
09/14/1999;16;2;2
09/15/1999;16;5;0
09/16/1999;15;3;1
09/17/1999;16;3;2
09/18/1999;20;7;2
09/19/1999;19;6;3
09/20/1999;17;6;1
09/21/1999;13;5;4
09/22/1999;14;6;2
09/23/1999;5;2;1
09/24/1999;18;5;2
09/25/1999;21;6;4
09/26/1999;13;2;3
09/27/1999;19;6;3
09/28/1999;16;5;4
09/29/1999;13;7;0
09/30/1999;19;7;2
10/01/1999;21;5;4
10/02/1999;12;4;2
10/03/1999;25;9;2
10/04/1999;17;5;1
10/05/1999;20;10;0
10/06/1999;18;3;0
10/07/1999;11;4;4
10/08/1999;14;8;0
10/09/1999;16;2;3
10/10/1999;10;6;0
10/11/1999;15;6;2
10/12/1999;21;6;3
10/13/1999;16;4;2
10/14/1999;15;4;2
10/15/1999;20;7;0
10/16/1999;24;10;2
10/17/1999;15;5;3
10/18/1999;15;6;2
10/19/1999;18;8;2
10/20/1999;19;5;0
10/21/1999;21;6;1
10/22/1999;14;6;4
10/23/1999;23;6;4
10/24/1999;13;5;3
10/25/1999;17;7;4
10/26/1999;24;7;2
10/27/1999;16;4;2
10/28/1999;22;7;2
10/29/1999;9;2;2
10/30/1999;21;4;3
10/31/1999;26;9;4
11/01/1999;21;6;2
11/02/1999;23;11;4
11/03/1999;14;1;2
11/04/1999;16;3;2
11/05/1999;14;5;0
11/06/1999;16;2;1
11/07/1999;14;5;2
11/08/1999;20;8;0
11/09/1999;20;8;3
11/10/1999;18;2;3
11/11/1999;16;7;1
11/12/1999;18;5;3
11/13/1999;25;6;5
11/14/1999;6;3;1
11/15/1999;27;8;7
11/16/1999;18;8;1
11/17/1999;21;13;2
11/18/1999;22;9;2
11/19/1999;21;11;1
11/20/1999;20;6;3
11/21/1999;19;4;1
11/22/1999;24;12;4
11/23/1999;18;4;4
11/24/1999;19;5;1
11/25/1999;21;4;2
11/26/1999;22;8;4
11/27/1999;31;9;5
11/28/1999;14;4;2
11/29/1999;17;4;4
11/30/1999;25;11;3
12/01/1999;16;6;2
12/02/1999;19;8;1
12/03/1999;16;5;1
12/04/1999;18;4;3
12/05/1999;29;10;8
12/06/1999;15;2;4
12/07/1999;17;9;1
12/08/1999;19;6;0
12/09/1999;13;5;2
12/10/1999;22;12;3
12/11/1999;15;8;1
12/12/1999;22;9;1
12/13/1999;21;9;1
12/14/1999;18;11;1
12/15/1999;23;8;5
12/16/1999;22;10;1
12/17/1999;23;10;2
12/18/1999;23;6;5
12/19/1999;20;8;2
12/20/1999;16;5;5
12/21/1999;24;10;4
12/22/1999;26;9;5
12/23/1999;28;12;3
12/24/1999;32;10;4
12/25/1999;28;7;8
12/26/1999;20;10;1
12/27/1999;16;6;1
12/28/1999;22;9;2
12/29/1999;25;8;3
12/30/1999;19;12;1
12/31/1999;30;13;5
01/01/2000;21;5;6
01/02/2000;22;10;1
01/03/2000;8;2;2
01/04/2000;28;13;2
01/05/2000;20;5;1
01/06/2000;22;10;1
01/07/2000;21;7;1
01/08/2000;24;13;0
01/09/2000;20;8;4
01/10/2000;27;11;7
01/11/2000;29;8;3
01/12/2000;20;3;4
01/13/2000;31;9;9
01/14/2000;27;9;3
01/15/2000;18;7;6
01/16/2000;32;13;3
01/17/2000;30;11;4
01/18/2000;21;6;5
01/19/2000;15;8;1
01/20/2000;16;5;3
01/21/2000;21;7;3
01/22/2000;25;11;8
01/23/2000;21;7;6
01/24/2000;32;12;8
01/25/2000;42;10;9
01/26/2000;29;13;4
01/27/2000;22;12;4
01/28/2000;33;10;7
01/29/2000;28;13;3
01/30/2000;29;9;4
01/31/2000;30;4;9
02/01/2000;26;6;9
02/02/2000;19;6;3
02/03/2000;20;8;2
02/04/2000;25;10;1
02/05/2000;34;15;5
02/06/2000;25;7;3
02/07/2000;30;12;8
02/08/2000;19;6;3
02/09/2000;23;7;3
02/10/2000;26;9;5
02/11/2000;30;12;4
02/12/2000;19;9;1
02/13/2000;23;7;2
02/14/2000;30;8;8
02/15/2000;22;6;1
02/16/2000;18;7;2
02/17/2000;17;7;2
02/18/2000;14;4;2
02/19/2000;23;4;7
02/20/2000;28;10;4
02/21/2000;16;9;0
02/22/2000;19;8;4
02/23/2000;25;11;4
02/24/2000;17;5;1
02/25/2000;23;7;2
02/26/2000;14;6;1
02/27/2000;16;7;3
02/28/2000;20;4;5
02/29/2000;15;4;1
03/01/2000;17;10;0
03/02/2000;23;9;3
03/03/2000;21;6;3
03/04/2000;18;5;2
03/05/2000;22;9;4
03/06/2000;25;7;3
03/07/2000;25;11;4
03/08/2000;22;10;3
03/09/2000;18;8;2
03/10/2000;24;13;1
03/11/2000;14;4;2
03/12/2000;13;3;2
03/13/2000;13;4;0
03/14/2000;17;9;1
03/15/2000;15;7;2
03/16/2000;23;8;3
03/17/2000;14;4;1
03/18/2000;22;5;4
03/19/2000;19;4;6
03/20/2000;17;9;2
03/21/2000;21;4;2
03/22/2000;11;4;3
03/23/2000;14;4;1
03/24/2000;20;5;4
03/25/2000;10;2;1
03/26/2000;15;6;2
03/27/2000;16;7;3
03/28/2000;18;9;1
03/29/2000;19;11;0
03/30/2000;14;6;0
03/31/2000;8;3;2
04/01/2000;15;4;0
04/02/2000;29;10;2
04/03/2000;18;7;1
04/04/2000;22;9;3
04/05/2000;19;7;3
04/06/2000;23;5;3
04/07/2000;28;10;1
04/08/2000;11;6;1
04/09/2000;22;8;4
04/10/2000;22;8;4
04/11/2000;22;9;3
04/12/2000;15;5;1
04/13/2000;21;3;4
04/14/2000;17;8;2
04/15/2000;20;8;0
04/16/2000;11;4;0
04/17/2000;13;5;1
04/18/2000;30;10;2
04/19/2000;23;6;2
04/20/2000;11;6;0
04/21/2000;24;12;1
04/22/2000;23;9;4
04/23/2000;21;7;2
04/24/2000;21;7;5
04/25/2000;16;9;1
04/26/2000;18;4;3
04/27/2000;16;3;2
04/28/2000;17;5;2
04/29/2000;7;4;0
04/30/2000;12;3;1
05/01/2000;22;10;2
05/02/2000;15;10;1
05/03/2000;18;5;2
05/04/2000;19;6;3
05/05/2000;16;6;1
05/06/2000;18;4;5
05/07/2000;15;5;2
05/08/2000;13;5;0
05/09/2000;14;9;1
05/10/2000;7;4;1
05/11/2000;12;5;1
05/12/2000;17;4;1
05/13/2000;18;9;3
05/14/2000;6;2;0
05/15/2000;15;5;1
05/16/2000;26;13;1
05/17/2000;9;4;0
05/18/2000;22;6;5
05/19/2000;20;6;2
05/20/2000;21;6;2
05/21/2000;20;6;2
05/22/2000;21;10;1
05/23/2000;15;2;7
05/24/2000;15;5;1
05/25/2000;18;6;0
05/26/2000;23;11;1
05/27/2000;11;3;2
05/28/2000;14;3;3
05/29/2000;22;4;2
05/30/2000;19;6;3
05/31/2000;19;4;4
06/01/2000;17;2;3
06/02/2000;21;7;4
06/03/2000;20;7;3
06/04/2000;9;4;0
06/05/2000;18;7;1
06/06/2000;16;7;1
06/07/2000;14;9;1
06/08/2000;27;13;3
06/09/2000;16;7;3
06/10/2000;19;8;2
06/11/2000;17;7;1
06/12/2000;16;6;0
06/13/2000;16;4;0
06/14/2000;21;6;2
06/15/2000;17;7;1
06/16/2000;18;7;0
06/17/2000;14;8;2
06/18/2000;15;5;3
06/19/2000;13;5;3
06/20/2000;14;3;2
06/21/2000;18;9;1
06/22/2000;20;5;3
06/23/2000;23;10;5
06/24/2000;17;3;5
06/25/2000;9;2;1
06/26/2000;23;9;4
06/27/2000;12;2;2
06/28/2000;15;5;2
06/29/2000;25;8;2
06/30/2000;9;2;0
07/01/2000;13;2;3
07/02/2000;26;11;5
07/03/2000;16;5;2
07/04/2000;16;4;2
07/05/2000;21;5;2
07/06/2000;15;5;0
07/07/2000;16;3;2
07/08/2000;15;6;1
07/09/2000;16;5;1
07/10/2000;17;3;1
07/11/2000;20;7;1
07/12/2000;14;4;3
07/13/2000;14;5;1
07/14/2000;15;4;1
07/15/2000;22;6;2
07/16/2000;23;10;0
07/17/2000;19;11;3
07/18/2000;18;6;0
07/19/2000;15;3;0
07/20/2000;12;1;1
07/21/2000;14;3;1
07/22/2000;25;4;2
07/23/2000;17;2;2
07/24/2000;8;4;2
07/25/2000;20;10;3
07/26/2000;13;4;3
07/27/2000;8;1;1
07/28/2000;16;4;1
07/29/2000;18;6;2
07/30/2000;17;6;1
07/31/2000;24;8;3
08/01/2000;19;6;4
08/02/2000;19;4;3
08/03/2000;22;7;1
08/04/2000;18;5;2
08/05/2000;15;6;2
08/06/2000;16;6;1
08/07/2000;15;6;2
08/08/2000;24;6;3
08/09/2000;15;5;1
08/10/2000;27;5;2
08/11/2000;21;8;1
08/12/2000;20;6;0
08/13/2000;19;7;3
08/14/2000;17;6;2
08/15/2000;12;4;1
08/16/2000;20;9;1
08/17/2000;16;6;1
08/18/2000;21;9;1
08/19/2000;18;6;2
08/20/2000;17;9;2
08/21/2000;14;8;1
08/22/2000;20;8;4
08/23/2000;15;7;1
08/24/2000;16;6;0
08/25/2000;23;7;3
08/26/2000;14;5;3
08/27/2000;15;3;2
08/28/2000;21;9;2
08/29/2000;18;4;2
08/30/2000;18;8;1
08/31/2000;10;3;0
09/01/2000;15;3;1
09/02/2000;22;3;6
09/03/2000;10;5;2
09/04/2000;19;7;1
09/05/2000;16;8;3
09/06/2000;18;7;1
09/07/2000;13;3;0
09/08/2000;16;4;2
09/09/2000;18;7;1
09/10/2000;14;2;2
09/11/2000;15;3;3
09/12/2000;13;6;1
09/13/2000;17;4;2
09/14/2000;17;8;1
09/15/2000;13;7;1
09/16/2000;19;5;4
09/17/2000;13;3;1
09/18/2000;20;7;1
09/19/2000;12;2;1
09/20/2000;11;1;2
09/21/2000;17;6;1
09/22/2000;15;6;0
09/23/2000;17;5;0
09/24/2000;17;4;2
09/25/2000;14;5;2
09/26/2000;16;4;4
09/27/2000;13;3;1
09/28/2000;12;6;1
09/29/2000;18;4;3
09/30/2000;23;6;3
10/01/2000;19;8;0
10/02/2000;19;10;1
10/03/2000;16;5;1
10/04/2000;17;9;1
10/05/2000;24;9;2
10/06/2000;15;4;0
10/07/2000;15;4;3
10/08/2000;17;6;2
10/09/2000;15;4;1
10/10/2000;20;5;5
10/11/2000;25;11;3
10/12/2000;19;6;3
10/13/2000;20;7;3
10/14/2000;17;8;0
10/15/2000;20;4;2
10/16/2000;20;7;3
10/17/2000;12;3;1
10/18/2000;22;12;3
10/19/2000;13;5;1
10/20/2000;18;5;4
10/21/2000;18;11;0
10/22/2000;21;7;3
10/23/2000;21;7;3
10/24/2000;10;3;1
10/25/2000;17;7;0
10/26/2000;16;4;2
10/27/2000;13;5;0
10/28/2000;20;9;0
10/29/2000;10;6;1
10/30/2000;16;3;0
10/31/2000;19;8;3
11/01/2000;13;7;0
11/02/2000;17;9;0
11/03/2000;16;7;2
11/04/2000;14;8;1
11/05/2000;17;8;1
11/06/2000;15;6;0
11/07/2000;12;3;0
11/08/2000;18;5;2
11/09/2000;29;10;6
11/10/2000;13;4;0
11/11/2000;25;8;3
11/12/2000;20;5;2
11/13/2000;19;6;5
11/14/2000;13;4;2
11/15/2000;16;6;2
11/16/2000;25;9;3
11/17/2000;19;6;2
11/18/2000;8;4;0
11/19/2000;22;11;5
11/20/2000;13;8;0
11/21/2000;19;7;1
11/22/2000;23;8;3
11/23/2000;19;6;1
11/24/2000;21;6;4
11/25/2000;20;10;1
11/26/2000;19;9;3
11/27/2000;29;8;2
11/28/2000;25;11;0
11/29/2000;19;3;0
11/30/2000;19;10;2
12/01/2000;22;9;0
12/02/2000;17;5;1
12/03/2000;17;8;2
12/04/2000;19;11;0
12/05/2000;19;8;4
12/06/2000;27;9;6
12/07/2000;18;7;1
12/08/2000;24;5;3
12/09/2000;23;10;1
12/10/2000;18;4;3
12/11/2000;20;12;0
12/12/2000;19;8;1
12/13/2000;10;2;1
12/14/2000;18;7;2
12/15/2000;19;8;0
12/16/2000;22;6;6
12/17/2000;13;5;2
12/18/2000;12;6;1
12/19/2000;21;6;3
12/20/2000;25;10;2
12/21/2000;17;10;1
12/22/2000;20;8;3
12/23/2000;16;5;2
12/24/2000;19;7;3
12/25/2000;18;6;4
12/26/2000;24;13;1
12/27/2000;16;11;0
12/28/2000;19;8;0
12/29/2000;26;10;3
12/30/2000;20;6;2
12/31/2000;13;6;2
01/01/2001;18;9;0
01/02/2001;19;8;1
01/03/2001;24;8;3
01/04/2001;19;4;4
01/05/2001;27;11;3
01/06/2001;23;13;2
01/07/2001;16;4;2
01/08/2001;27;8;2
01/09/2001;24;7;2
01/10/2001;27;9;5
01/11/2001;21;11;3
01/12/2001;15;6;2
01/13/2001;23;8;4
01/14/2001;26;14;1
01/15/2001;22;10;2
01/16/2001;22;9;2
01/17/2001;21;6;2
01/18/2001;28;6;3
01/19/2001;20;9;2
01/20/2001;27;9;2
01/21/2001;18;7;4
01/22/2001;17;4;2
01/23/2001;23;7;4
01/24/2001;23;11;1
01/25/2001;19;6;4
01/26/2001;21;13;1
01/27/2001;19;5;1
01/28/2001;19;8;3
01/29/2001;17;8;3
01/30/2001;16;6;0
01/31/2001;10;5;2
02/01/2001;16;9;1
02/02/2001;22;6;2
02/03/2001;13;8;1
02/04/2001;17;7;3
02/05/2001;24;5;4
02/06/2001;19;4;6
02/07/2001;19;6;3
02/08/2001;21;12;3
02/09/2001;15;4;3
02/10/2001;26;5;5
02/11/2001;22;8;4
02/12/2001;21;9;2
02/13/2001;24;5;4
02/14/2001;17;7;0
02/15/2001;16;3;3
02/16/2001;13;6;1
02/17/2001;20;10;1
02/18/2001;19;5;3
02/19/2001;18;6;2
02/20/2001;19;8;7
02/21/2001;26;11;3
02/22/2001;27;13;2
02/23/2001;18;6;2
02/24/2001;17;4;0
02/25/2001;16;5;2
02/26/2001;32;8;3
02/27/2001;20;9;1
02/28/2001;20;6;2
03/01/2001;17;7;2
03/02/2001;29;11;3
03/03/2001;25;8;5
03/04/2001;27;8;8
03/05/2001;18;7;5
03/06/2001;24;13;3
03/07/2001;26;10;3
03/08/2001;18;11;0
03/09/2001;10;5;1
03/10/2001;24;7;2
03/11/2001;27;10;3
03/12/2001;20;10;1
03/13/2001;18;9;1
03/14/2001;18;5;3
03/15/2001;9;2;0
03/16/2001;23;8;2
03/17/2001;19;8;1
03/18/2001;15;5;0
03/19/2001;18;5;2
03/20/2001;18;9;1
03/21/2001;23;7;3
03/22/2001;22;11;0
03/23/2001;17;8;1
03/24/2001;21;9;3
03/25/2001;22;11;4
03/26/2001;18;8;4
03/27/2001;16;9;3
03/28/2001;20;8;0
03/29/2001;19;7;2
03/30/2001;14;4;0
03/31/2001;20;6;3
04/01/2001;18;7;3
04/02/2001;21;8;3
04/03/2001;30;10;4
04/04/2001;21;6;4
04/05/2001;19;4;2
04/06/2001;19;5;6
04/07/2001;18;5;3
04/08/2001;18;12;2
04/09/2001;23;8;3
04/10/2001;24;6;2
04/11/2001;16;8;2
04/12/2001;22;10;4
04/13/2001;19;6;1
04/14/2001;13;3;2
04/15/2001;17;5;4
04/16/2001;14;4;3
04/17/2001;17;7;2
04/18/2001;11;5;0
04/19/2001;9;4;1
04/20/2001;25;9;2
04/21/2001;22;9;3
04/22/2001;24;13;1
04/23/2001;18;9;1
04/24/2001;19;4;4
04/25/2001;24;9;2
04/26/2001;16;8;1
04/27/2001;22;10;2
04/28/2001;22;5;4
04/29/2001;21;3;4
04/30/2001;13;3;2
05/01/2001;20;7;0
05/02/2001;20;7;1
05/03/2001;14;2;1
05/04/2001;18;9;3
05/05/2001;15;4;4
05/06/2001;14;4;2
05/07/2001;16;2;3
05/08/2001;16;6;3
05/09/2001;19;5;4
05/10/2001;17;7;4
05/11/2001;13;3;1
05/12/2001;15;4;3
05/13/2001;20;14;1
05/14/2001;19;9;1
05/15/2001;16;8;3
05/16/2001;15;4;1
05/17/2001;20;7;3
05/18/2001;24;14;4
05/19/2001;20;8;0
05/20/2001;22;11;1
05/21/2001;11;5;1
05/22/2001;20;5;1
05/23/2001;12;3;1
05/24/2001;16;5;1
05/25/2001;20;10;3
05/26/2001;17;4;2
05/27/2001;11;4;0
05/28/2001;12;8;0
05/29/2001;17;7;1
05/30/2001;20;3;2
05/31/2001;14;6;1
06/01/2001;27;9;3
06/02/2001;15;5;1
06/03/2001;19;9;3
06/04/2001;24;10;4
06/05/2001;20;7;1
06/06/2001;12;3;2
06/07/2001;17;6;1
06/08/2001;15;7;1
06/09/2001;22;12;2
06/10/2001;14;4;3
06/11/2001;16;7;1
06/12/2001;15;4;0
06/13/2001;18;6;0
06/14/2001;20;7;2
06/15/2001;10;4;4
06/16/2001;16;9;0
06/17/2001;20;8;0
06/18/2001;18;3;4
06/19/2001;11;7;0
06/20/2001;15;6;1
06/21/2001;16;10;2
06/22/2001;17;7;1
06/23/2001;14;4;0
06/24/2001;20;6;3
06/25/2001;24;8;4
06/26/2001;21;9;0
06/27/2001;10;5;1
06/28/2001;16;7;1
06/29/2001;18;3;2
06/30/2001;15;9;2
07/01/2001;20;5;4
07/02/2001;19;8;1
07/03/2001;10;4;0
07/04/2001;14;5;0
07/05/2001;21;3;1
07/06/2001;17;8;1
07/07/2001;19;7;2
07/08/2001;30;8;2
07/09/2001;23;5;3
07/10/2001;27;13;3
07/11/2001;13;3;1
07/12/2001;25;4;1
07/13/2001;18;5;2
07/14/2001;18;7;1
07/15/2001;17;5;0
07/16/2001;19;3;7
07/17/2001;11;3;0
07/18/2001;22;4;3
07/19/2001;20;5;2
07/20/2001;15;6;0
07/21/2001;8;4;0
07/22/2001;17;5;2
07/23/2001;19;6;1
07/24/2001;18;5;2
07/25/2001;25;13;1
07/26/2001;16;7;3
07/27/2001;10;1;1
07/28/2001;16;7;2
07/29/2001;21;9;3
07/30/2001;19;7;3
07/31/2001;24;4;4
08/01/2001;23;8;4
08/02/2001;19;9;2
08/03/2001;17;9;2
08/04/2001;24;8;2
08/05/2001;25;10;3
08/06/2001;17;3;0
08/07/2001;17;5;2
08/08/2001;17;7;3
08/09/2001;17;4;0
08/10/2001;14;4;5
08/11/2001;24;9;2
08/12/2001;11;3;1
08/13/2001;23;11;1
08/14/2001;18;5;1
08/15/2001;13;3;1
08/16/2001;21;2;3
08/17/2001;18;6;2
08/18/2001;16;1;4
08/19/2001;13;7;2
08/20/2001;24;10;2
08/21/2001;19;7;2
08/22/2001;23;8;1
08/23/2001;12;2;1
08/24/2001;19;6;4
08/25/2001;14;7;2
08/26/2001;14;4;5
08/27/2001;13;8;0
08/28/2001;18;7;2
08/29/2001;21;7;0
08/30/2001;12;3;1
08/31/2001;27;8;2
09/01/2001;8;4;0
09/02/2001;13;5;0
09/03/2001;16;4;1
09/04/2001;14;5;4
09/05/2001;20;11;3
09/06/2001;11;3;0
09/07/2001;17;3;4
09/08/2001;22;6;4
09/09/2001;14;5;0
09/10/2001;10;3;1
09/11/2001;21;6;2
09/12/2001;24;6;3
09/13/2001;20;7;2
09/14/2001;15;5;0
09/15/2001;17;5;1
09/16/2001;15;4;2
09/17/2001;20;4;3
09/18/2001;6;2;0
09/19/2001;19;4;3
09/20/2001;17;6;1
09/21/2001;10;5;0
09/22/2001;13;6;1
09/23/2001;12;4;2
09/24/2001;15;4;0
09/25/2001;24;5;2
09/26/2001;9;2;1
09/27/2001;17;6;3
09/28/2001;18;8;3
09/29/2001;15;4;3
09/30/2001;14;6;3
10/01/2001;21;7;4
10/02/2001;22;7;5
10/03/2001;14;4;1
10/04/2001;21;9;2
10/05/2001;21;9;4
10/06/2001;12;4;4
10/07/2001;18;7;1
10/08/2001;14;1;3
10/09/2001;11;5;1
10/10/2001;13;5;3
10/11/2001;13;8;1
10/12/2001;17;7;2
10/13/2001;13;3;0
10/14/2001;18;9;4
10/15/2001;15;6;3
10/16/2001;11;3;1
10/17/2001;18;8;2
10/18/2001;17;8;1
10/19/2001;21;6;5
10/20/2001;19;3;1
10/21/2001;14;7;2
10/22/2001;12;7;0
10/23/2001;12;3;1
10/24/2001;13;7;0
10/25/2001;17;4;1
10/26/2001;23;10;3
10/27/2001;15;7;2
10/28/2001;19;5;6
10/29/2001;18;5;2
10/30/2001;18;6;1
10/31/2001;13;2;0
11/01/2001;15;5;4
11/02/2001;22;4;3
11/03/2001;21;7;3
11/04/2001;8;1;1
11/05/2001;22;7;4
11/06/2001;17;4;3
11/07/2001;21;11;2
11/08/2001;14;5;2
11/09/2001;26;9;1
11/10/2001;21;7;3
11/11/2001;21;5;2
11/12/2001;24;11;1
11/13/2001;15;4;3
11/14/2001;24;15;1
11/15/2001;23;11;0
11/16/2001;19;10;1
11/17/2001;29;11;2
11/18/2001;19;4;2
11/19/2001;15;6;0
11/20/2001;18;7;2
11/21/2001;18;3;3
11/22/2001;23;12;1
11/23/2001;24;11;4
11/24/2001;25;9;4
11/25/2001;21;7;3
11/26/2001;21;9;5
11/27/2001;15;8;0
11/28/2001;17;6;4
11/29/2001;20;9;1
11/30/2001;18;7;1
12/01/2001;20;9;0
12/02/2001;22;8;3
12/03/2001;17;3;1
12/04/2001;25;13;2
12/05/2001;16;5;0
12/06/2001;20;2;3
12/07/2001;16;1;4
12/08/2001;23;9;3
12/09/2001;18;4;2
12/10/2001;23;11;5
12/11/2001;32;13;4
12/12/2001;26;8;6
12/13/2001;25;12;2
12/14/2001;13;5;2
12/15/2001;16;5;2
12/16/2001;19;6;3
12/17/2001;24;7;4
12/18/2001;20;4;2
12/19/2001;30;11;5
12/20/2001;17;8;2
12/21/2001;26;13;3
12/22/2001;15;5;0
12/23/2001;23;7;0
12/24/2001;19;6;0
12/25/2001;20;11;2
12/26/2001;29;14;3
12/27/2001;26;13;3
12/28/2001;18;6;4
12/29/2001;33;16;2
12/30/2001;13;6;0
12/31/2001;22;5;2
01/01/2002;32;11;2
01/02/2002;35;8;5
01/03/2002;26;11;7
01/04/2002;19;8;4
01/05/2002;23;9;2
01/06/2002;28;8;8
01/07/2002;27;11;6
01/08/2002;27;12;4
01/09/2002;17;4;3
01/10/2002;21;9;3
01/11/2002;24;3;5
01/12/2002;26;10;5
01/13/2002;24;9;2
01/14/2002;19;8;4
01/15/2002;30;11;7
01/16/2002;19;4;2
01/17/2002;18;1;6
01/18/2002;19;6;4
01/19/2002;31;9;5
01/20/2002;27;10;5
01/21/2002;20;6;4
01/22/2002;17;4;7
01/23/2002;29;13;6
01/24/2002;29;8;6
01/25/2002;28;11;3
01/26/2002;29;8;8
01/27/2002;24;9;8
01/28/2002;30;8;9
01/29/2002;20;10;3
01/30/2002;27;9;7
01/31/2002;24;9;7
02/01/2002;22;5;0
02/02/2002;19;6;5
02/03/2002;22;5;4
02/04/2002;36;13;6
02/05/2002;33;12;5
02/06/2002;20;5;6
02/07/2002;28;7;5
02/08/2002;25;5;5
02/09/2002;30;12;3
02/10/2002;26;14;6
02/11/2002;22;9;2
02/12/2002;27;9;4
02/13/2002;19;7;3
02/14/2002;26;9;5
02/15/2002;19;8;6
02/16/2002;15;6;4
02/17/2002;21;6;3
02/18/2002;30;13;8
02/19/2002;30;10;3
02/20/2002;42;19;8
02/21/2002;27;11;3
02/22/2002;24;8;5
02/23/2002;27;10;8
02/24/2002;22;6;1
02/25/2002;19;6;5
02/26/2002;32;12;8
02/27/2002;25;7;7
02/28/2002;21;8;2
03/01/2002;19;7;0
03/02/2002;21;9;4
03/03/2002;22;6;6
03/04/2002;16;6;1
03/05/2002;18;3;2
03/06/2002;15;5;3
03/07/2002;18;9;5
03/08/2002;23;5;3
03/09/2002;26;7;3
03/10/2002;27;8;9
03/11/2002;13;4;4
03/12/2002;27;6;6
03/13/2002;29;12;3
03/14/2002;16;6;0
03/15/2002;22;5;4
03/16/2002;14;9;2
03/17/2002;19;8;3
03/18/2002;12;2;2
03/19/2002;13;5;4
03/20/2002;21;8;3
03/21/2002;21;6;5
03/22/2002;28;8;6
03/23/2002;20;6;2
03/24/2002;23;6;3
03/25/2002;13;4;3
03/26/2002;26;6;1
03/27/2002;19;4;2
03/28/2002;15;6;1
03/29/2002;15;5;2
03/30/2002;16;7;3
03/31/2002;27;10;6
04/01/2002;13;5;1
04/02/2002;20;7;3
04/03/2002;17;7;1
04/04/2002;22;6;3
04/05/2002;26;10;4
04/06/2002;18;5;2
04/07/2002;19;7;4
04/08/2002;15;7;2
04/09/2002;19;6;4
04/10/2002;26;4;4
04/11/2002;24;11;5
04/12/2002;20;8;0
04/13/2002;6;2;0
04/14/2002;17;2;2
04/15/2002;13;2;2
04/16/2002;18;5;4
04/17/2002;23;11;2
04/18/2002;11;7;0
04/19/2002;18;4;2
04/20/2002;26;8;3
04/21/2002;16;7;3
04/22/2002;13;7;1
04/23/2002;20;8;2
04/24/2002;15;5;3
04/25/2002;20;7;3
04/26/2002;20;5;3
04/27/2002;15;6;2
04/28/2002;33;16;1
04/29/2002;15;6;2
04/30/2002;22;6;3
05/01/2002;17;6;1
05/02/2002;13;4;1
05/03/2002;23;9;2
05/04/2002;19;5;4
05/05/2002;19;6;4
05/06/2002;14;4;4
05/07/2002;23;8;2
05/08/2002;13;4;3
05/09/2002;12;5;0
05/10/2002;18;5;4
05/11/2002;16;6;1
05/12/2002;25;11;3
05/13/2002;18;6;2
05/14/2002;18;8;0
05/15/2002;16;6;5
05/16/2002;24;7;2
05/17/2002;13;1;1
05/18/2002;19;8;0
05/19/2002;9;2;1
05/20/2002;22;6;1
05/21/2002;24;13;2
05/22/2002;23;17;1
05/23/2002;18;8;2
05/24/2002;17;6;6
05/25/2002;19;4;6
05/26/2002;25;7;3
05/27/2002;16;6;1
05/28/2002;17;7;1
05/29/2002;12;6;1
05/30/2002;11;4;0
05/31/2002;18;4;3
06/01/2002;14;6;1
06/02/2002;22;6;2
06/03/2002;22;5;5
06/04/2002;22;6;6
06/05/2002;25;8;3
06/06/2002;15;6;1
06/07/2002;20;4;5
06/08/2002;18;6;1
06/09/2002;13;5;0
06/10/2002;14;3;4
06/11/2002;23;6;2
06/12/2002;17;6;3
06/13/2002;16;4;1
06/14/2002;15;6;2
06/15/2002;14;8;1
06/16/2002;21;7;0
06/17/2002;19;6;2
06/18/2002;20;6;3
06/19/2002;14;5;0
06/20/2002;21;7;0
06/21/2002;26;10;5
06/22/2002;19;6;1
06/23/2002;20;4;4
06/24/2002;17;7;0
06/25/2002;16;5;2
06/26/2002;17;3;4
06/27/2002;23;9;5
06/28/2002;8;4;1
06/29/2002;19;6;0
06/30/2002;15;8;1
07/01/2002;23;9;0
07/02/2002;20;5;1
07/03/2002;12;4;0
07/04/2002;18;6;4
07/05/2002;13;5;2
07/06/2002;14;3;2
07/07/2002;13;3;2
07/08/2002;17;8;1
07/09/2002;15;6;2
07/10/2002;13;5;0
07/11/2002;18;4;3
07/12/2002;24;8;5
07/13/2002;21;4;4
07/14/2002;8;0;1
07/15/2002;20;9;1
07/16/2002;14;3;2
07/17/2002;12;5;0
07/18/2002;13;6;1
07/19/2002;25;8;4
07/20/2002;15;4;2
07/21/2002;18;8;1
07/22/2002;23;10;2
07/23/2002;19;3;2
07/24/2002;27;8;1
07/25/2002;15;4;1
07/26/2002;32;13;2
07/27/2002;10;6;1
07/28/2002;20;8;2
07/29/2002;17;9;1
07/30/2002;18;3;1
07/31/2002;14;4;3
08/01/2002;18;5;4
08/02/2002;18;6;3
08/03/2002;23;3;4
08/04/2002;16;7;1
08/05/2002;15;3;5
08/06/2002;10;5;1
08/07/2002;17;7;1
08/08/2002;17;3;2
08/09/2002;20;5;3
08/10/2002;11;4;2
08/11/2002;15;6;0
08/12/2002;15;7;0
08/13/2002;18;7;1
08/14/2002;17;7;2
08/15/2002;14;4;1
08/16/2002;18;4;3
08/17/2002;13;2;1
08/18/2002;15;2;0
08/19/2002;15;6;5
08/20/2002;17;9;0
08/21/2002;12;7;0
08/22/2002;14;3;2
08/23/2002;11;1;3
08/24/2002;15;3;1
08/25/2002;11;7;0
08/26/2002;14;6;1
08/27/2002;18;8;0
08/28/2002;21;7;4
08/29/2002;16;5;3
08/30/2002;11;2;0
08/31/2002;15;4;3
09/01/2002;18;7;3
09/02/2002;12;5;0
09/03/2002;18;7;1
09/04/2002;14;6;1
09/05/2002;11;4;1
09/06/2002;21;3;3
09/07/2002;16;4;3
09/08/2002;13;4;2
09/09/2002;19;6;0
09/10/2002;18;5;2
09/11/2002;19;8;2
09/12/2002;18;6;1
09/13/2002;13;5;1
09/14/2002;11;4;2
09/15/2002;20;7;2
09/16/2002;20;3;1
09/17/2002;17;3;1
09/18/2002;19;6;1
09/19/2002;18;8;0
09/20/2002;12;6;0
09/21/2002;18;8;1
09/22/2002;18;9;3
09/23/2002;33;7;3
09/24/2002;13;5;2
09/25/2002;20;9;1
09/26/2002;14;7;3
09/27/2002;18;6;1
09/28/2002;19;4;6
09/29/2002;17;6;1
09/30/2002;13;7;2
10/01/2002;14;5;4
10/02/2002;24;9;3
10/03/2002;10;4;0
10/04/2002;16;3;4
10/05/2002;15;5;3
10/06/2002;22;7;3
10/07/2002;10;5;1
10/08/2002;13;6;2
10/09/2002;16;3;0
10/10/2002;15;5;2
10/11/2002;17;6;1
10/12/2002;19;6;3
10/13/2002;19;7;2
10/14/2002;18;9;0
10/15/2002;15;5;2
10/16/2002;18;4;2
10/17/2002;17;6;1
10/18/2002;20;8;1
10/19/2002;14;2;1
10/20/2002;19;5;3
10/21/2002;21;6;1
10/22/2002;19;2;2
10/23/2002;23;11;3
10/24/2002;22;5;3
10/25/2002;18;10;1
10/26/2002;25;10;4
10/27/2002;15;3;3
10/28/2002;13;1;4
10/29/2002;25;10;1
10/30/2002;21;9;2
10/31/2002;14;4;0
11/01/2002;20;7;0
11/02/2002;18;8;1
11/03/2002;15;6;1
11/04/2002;21;7;4
11/05/2002;12;3;0
11/06/2002;17;4;2
11/07/2002;17;6;3
11/08/2002;20;8;5
11/09/2002;18;7;1
11/10/2002;24;8;2
11/11/2002;23;7;4
11/12/2002;9;1;3
11/13/2002;29;10;4
11/14/2002;26;7;3
11/15/2002;19;4;2
11/16/2002;20;5;0
11/17/2002;16;5;2
11/18/2002;15;6;1
11/19/2002;17;7;3
11/20/2002;25;11;5
11/21/2002;22;6;4
11/22/2002;20;7;0
11/23/2002;11;3;0
11/24/2002;18;9;1
11/25/2002;11;7;0
11/26/2002;15;6;0
11/27/2002;22;10;1
11/28/2002;24;8;5
11/29/2002;13;5;2
11/30/2002;18;8;2
12/01/2002;22;10;0
12/02/2002;21;6;2
12/03/2002;19;5;3
12/04/2002;15;7;2
12/05/2002;17;11;2
12/06/2002;14;6;1
12/07/2002;29;6;2
12/08/2002;22;9;2
12/09/2002;19;9;1
12/10/2002;20;5;6
12/11/2002;16;2;0
12/12/2002;22;6;3
12/13/2002;20;9;2
12/14/2002;13;7;2
12/15/2002;18;9;2
12/16/2002;20;5;3
12/17/2002;21;8;2
12/18/2002;28;14;3
12/19/2002;23;9;6
12/20/2002;24;4;5
12/21/2002;24;5;6
12/22/2002;18;4;0
12/23/2002;15;4;3
12/24/2002;11;4;1
12/25/2002;22;5;4
12/26/2002;17;9;1
12/27/2002;17;4;2
12/28/2002;28;7;6
12/29/2002;20;7;3
12/30/2002;23;7;7
12/31/2002;24;6;3
01/01/2003;25;9;4
01/02/2003;19;7;2
01/03/2003;17;7;1
01/04/2003;21;6;3
01/05/2003;34;10;3
01/06/2003;19;7;4
01/07/2003;17;5;3
01/08/2003;19;5;3
01/09/2003;22;7;3
01/10/2003;22;8;1
01/11/2003;11;2;2
01/12/2003;16;6;1
01/13/2003;26;12;3
01/14/2003;27;7;3
01/15/2003;34;15;5
01/16/2003;25;8;3
01/17/2003;17;7;3
01/18/2003;40;13;8
01/19/2003;25;6;4
01/20/2003;20;7;0
01/21/2003;20;4;3
01/22/2003;25;8;4
01/23/2003;23;7;1
01/24/2003;25;12;3
01/25/2003;25;8;3
01/26/2003;19;4;4
01/27/2003;17;4;4
01/28/2003;33;15;11
01/29/2003;19;10;3
01/30/2003;20;10;3
01/31/2003;26;12;3
02/01/2003;19;3;3
02/02/2003;27;16;2
02/03/2003;26;10;4
02/04/2003;28;11;2
02/05/2003;21;10;2
02/06/2003;22;8;4
02/07/2003;16;4;1
02/08/2003;19;7;3
02/09/2003;20;10;1
02/10/2003;18;7;4
02/11/2003;21;5;3
02/12/2003;20;7;5
02/13/2003;28;7;1
02/14/2003;26;7;0
02/15/2003;23;6;6
02/16/2003;19;9;0
02/17/2003;18;5;3
02/18/2003;25;10;2
02/19/2003;22;7;2
02/20/2003;25;11;4
02/21/2003;13;2;1
02/22/2003;19;8;3
02/23/2003;24;7;6
02/24/2003;23;12;2
02/25/2003;23;13;2
02/26/2003;23;13;2
02/27/2003;18;8;4
02/28/2003;35;13;5
03/01/2003;17;8;4
03/02/2003;16;3;2
03/03/2003;22;9;1
03/04/2003;22;4;2
03/05/2003;21;7;5
03/06/2003;25;9;4
03/07/2003;21;8;2
03/08/2003;20;4;2
03/09/2003;16;6;2
03/10/2003;18;7;5
03/11/2003;23;7;2
03/12/2003;20;5;4
03/13/2003;26;11;1
03/14/2003;18;6;1
03/15/2003;22;9;3
03/16/2003;20;9;3
03/17/2003;13;5;1
03/18/2003;24;9;3
03/19/2003;16;7;3
03/20/2003;18;4;7
03/21/2003;22;8;3
03/22/2003;13;6;1
03/23/2003;20;8;2
03/24/2003;23;11;2
03/25/2003;24;7;1
03/26/2003;24;8;3
03/27/2003;23;10;1
03/28/2003;21;5;3
03/29/2003;21;5;1
03/30/2003;21;9;0
03/31/2003;18;12;2
04/01/2003;21;9;2
04/02/2003;28;10;6
04/03/2003;18;9;4
04/04/2003;31;13;6
04/05/2003;13;4;2
04/06/2003;18;7;1
04/07/2003;21;10;1
04/08/2003;14;9;1
04/09/2003;18;8;2
04/10/2003;20;4;1
04/11/2003;15;8;1
04/12/2003;21;9;2
04/13/2003;14;9;1
04/14/2003;20;8;2
04/15/2003;23;10;4
04/16/2003;19;6;3
04/17/2003;13;4;2
04/18/2003;17;8;3
04/19/2003;32;7;7
04/20/2003;15;10;1
04/21/2003;21;5;2
04/22/2003;16;2;5
04/23/2003;22;7;1
04/24/2003;26;9;2
04/25/2003;19;8;1
04/26/2003;11;4;1
04/27/2003;21;6;3
04/28/2003;29;11;3
04/29/2003;23;10;3
04/30/2003;23;11;1
05/01/2003;17;7;2
05/02/2003;19;4;1
05/03/2003;18;9;3
05/04/2003;24;5;1
05/05/2003;14;8;1
05/06/2003;15;5;1
05/07/2003;17;8;1
05/08/2003;23;8;6
05/09/2003;16;6;0
05/10/2003;24;8;4
05/11/2003;25;8;1
05/12/2003;16;8;2
05/13/2003;16;4;2
05/14/2003;26;11;2
05/15/2003;15;4;3
05/16/2003;18;8;3
05/17/2003;17;7;3
05/18/2003;22;6;1
05/19/2003;17;7;3
05/20/2003;11;3;3
05/21/2003;24;12;4
05/22/2003;27;10;1
05/23/2003;21;6;3
05/24/2003;24;10;1
05/25/2003;16;11;1
05/26/2003;18;8;2
05/27/2003;24;9;2
05/28/2003;20;9;2
05/29/2003;19;6;2
05/30/2003;16;5;2
05/31/2003;17;2;2
06/01/2003;31;12;2
06/02/2003;21;6;3
06/03/2003;17;6;0
06/04/2003;25;10;3
06/05/2003;15;7;2
06/06/2003;23;7;2
06/07/2003;23;11;0
06/08/2003;20;8;3
06/09/2003;14;3;2
06/10/2003;23;5;2
06/11/2003;22;4;1
06/12/2003;16;5;2
06/13/2003;18;8;0
06/14/2003;19;9;2
06/15/2003;27;14;3
06/16/2003;21;9;2
06/17/2003;16;4;2
06/18/2003;19;6;2
06/19/2003;25;5;3
06/20/2003;23;6;2
06/21/2003;20;7;3
06/22/2003;25;10;3
06/23/2003;22;8;1
06/24/2003;17;4;4
06/25/2003;26;11;4
06/26/2003;20;8;2
06/27/2003;22;5;4
06/28/2003;23;9;3
06/29/2003;19;11;3
06/30/2003;21;7;3
07/01/2003;15;2;1
07/02/2003;23;8;1
07/03/2003;21;9;5
07/04/2003;21;3;1
07/05/2003;17;7;1
07/06/2003;21;4;1
07/07/2003;15;3;1
07/08/2003;13;7;1
07/09/2003;15;1;2
07/10/2003;13;4;1
07/11/2003;29;11;3
07/12/2003;20;6;0
07/13/2003;18;8;3
07/14/2003;17;6;3
07/15/2003;15;2;4
07/16/2003;16;3;5
07/17/2003;13;3;3
07/18/2003;17;8;0
07/19/2003;17;5;2
07/20/2003;17;3;3
07/21/2003;20;6;2
07/22/2003;16;4;1
07/23/2003;19;6;4
07/24/2003;19;8;6
07/25/2003;18;6;3
07/26/2003;18;7;4
07/27/2003;23;6;3
07/28/2003;17;6;1
07/29/2003;20;8;2
07/30/2003;17;8;1
07/31/2003;13;6;2
08/01/2003;19;7;2
08/02/2003;18;6;1
08/03/2003;20;5;3
08/04/2003;21;7;5
08/05/2003;16;6;1
08/06/2003;18;9;4
08/07/2003;23;4;3
08/08/2003;22;11;1
08/09/2003;19;7;1
08/10/2003;20;7;1
08/11/2003;24;14;3
08/12/2003;16;3;2
08/13/2003;29;16;1
08/14/2003;22;6;4
08/15/2003;21;10;1
08/16/2003;16;4;3
08/17/2003;22;10;0
08/18/2003;10;4;1
08/19/2003;20;9;2
08/20/2003;21;6;2
08/21/2003;19;8;0
08/22/2003;19;4;2
08/23/2003;19;5;2
08/24/2003;19;8;3
08/25/2003;17;4;5
08/26/2003;22;7;2
08/27/2003;20;9;3
08/28/2003;15;8;0
08/29/2003;21;9;1
08/30/2003;22;10;1
08/31/2003;12;2;1
09/01/2003;18;9;1
09/02/2003;19;8;0
09/03/2003;19;7;3
09/04/2003;19;6;3
09/05/2003;16;3;5
09/06/2003;16;6;0
09/07/2003;20;9;1
09/08/2003;15;4;1
09/09/2003;13;5;1
09/10/2003;19;7;1
09/11/2003;21;8;2
09/12/2003;20;7;3
09/13/2003;20;4;1
09/14/2003;17;6;3
09/15/2003;18;4;3
09/16/2003;17;6;2
09/17/2003;20;6;5
09/18/2003;25;14;0
09/19/2003;15;6;3
09/20/2003;17;8;0
09/21/2003;16;2;2
09/22/2003;18;4;1
09/23/2003;16;4;1
09/24/2003;13;4;0
09/25/2003;23;9;4
09/26/2003;18;6;4
09/27/2003;17;5;2
09/28/2003;19;5;4
09/29/2003;18;9;1
09/30/2003;19;6;2
10/01/2003;19;6;4
10/02/2003;23;4;2
10/03/2003;18;9;2
10/04/2003;21;9;0
10/05/2003;15;4;2
10/06/2003;17;4;0
10/07/2003;17;4;1
10/08/2003;16;7;2
10/09/2003;12;5;2
10/10/2003;18;8;3
10/11/2003;18;7;3
10/12/2003;15;2;1
10/13/2003;16;4;2
10/14/2003;27;6;3
10/15/2003;22;7;2
10/16/2003;23;8;2
10/17/2003;14;4;1
10/18/2003;13;3;0
10/19/2003;13;4;1
10/20/2003;14;6;1
10/21/2003;24;12;1
10/22/2003;14;5;0
10/23/2003;14;7;2
10/24/2003;18;5;1
10/25/2003;20;3;2
10/26/2003;17;4;3
10/27/2003;20;6;4
10/28/2003;13;4;0
10/29/2003;17;10;0
10/30/2003;21;8;1
10/31/2003;13;6;1
11/01/2003;19;4;4
11/02/2003;21;5;3
11/03/2003;19;7;2
11/04/2003;16;6;4
11/05/2003;22;5;6
11/06/2003;26;7;6
11/07/2003;22;10;2
11/08/2003;27;8;5
11/09/2003;19;6;3
11/10/2003;26;8;5
11/11/2003;23;2;2
11/12/2003;15;4;1
11/13/2003;24;14;3
11/14/2003;18;7;4
11/15/2003;16;3;4
11/16/2003;18;7;1
11/17/2003;20;7;2
11/18/2003;21;10;1
11/19/2003;16;6;5
11/20/2003;19;8;2
11/21/2003;24;7;5
11/22/2003;19;3;2
11/23/2003;17;5;2
11/24/2003;14;3;2
11/25/2003;22;9;4
11/26/2003;15;3;4
11/27/2003;21;5;5
11/28/2003;19;5;3
11/29/2003;21;9;5
11/30/2003;13;4;4
12/01/2003;18;10;2
12/02/2003;24;11;3
12/03/2003;15;5;0
12/04/2003;27;9;4
12/05/2003;27;12;2
12/06/2003;24;12;3
12/07/2003;25;9;5
12/08/2003;14;4;3
12/09/2003;21;10;3
12/10/2003;29;15;0
12/11/2003;21;7;4
12/12/2003;25;13;1
12/13/2003;16;6;1
12/14/2003;23;5;3
12/15/2003;19;7;4
12/16/2003;28;8;4
12/17/2003;19;4;2
12/18/2003;27;13;4
12/19/2003;20;5;2
12/20/2003;20;7;6
12/21/2003;22;8;4
12/22/2003;36;21;3
12/23/2003;27;15;3
12/24/2003;18;4;4
12/25/2003;21;8;2
12/26/2003;21;7;3
12/27/2003;26;9;4
12/28/2003;20;8;5
12/29/2003;21;7;5
12/30/2003;27;10;7
12/31/2003;28;7;3
01/01/2004;28;10;8
01/02/2004;31;8;4
01/03/2004;24;9;5
01/04/2004;25;8;6
01/05/2004;25;10;4
01/06/2004;23;8;2
01/07/2004;20;7;3
01/08/2004;22;9;4
01/09/2004;23;7;2
01/10/2004;22;4;5
01/11/2004;21;10;4
01/12/2004;24;11;2
01/13/2004;25;15;3
01/14/2004;22;7;3
01/15/2004;19;5;3
01/16/2004;24;6;2
01/17/2004;30;13;6
01/18/2004;18;6;2
01/19/2004;23;10;4
01/20/2004;23;9;3
01/21/2004;18;5;1
01/22/2004;22;6;3
01/23/2004;17;6;1
01/24/2004;22;6;7
01/25/2004;21;9;3
01/26/2004;15;8;0
01/27/2004;22;6;2
01/28/2004;22;6;3
01/29/2004;17;5;4
01/30/2004;14;1;3
01/31/2004;16;3;3
02/01/2004;15;2;4
02/02/2004;14;4;2
02/03/2004;24;8;2
02/04/2004;28;10;1
02/05/2004;24;11;1
02/06/2004;20;9;1
02/07/2004;14;4;1
02/08/2004;15;5;2
02/09/2004;23;4;2
02/10/2004;17;3;1
02/11/2004;15;4;1
02/12/2004;16;9;0
02/13/2004;18;6;2
02/14/2004;18;6;2
02/15/2004;28;13;3
02/16/2004;13;5;1
02/17/2004;18;3;3
02/18/2004;27;10;4
02/19/2004;13;3;2
02/20/2004;24;6;1
02/21/2004;20;5;3
02/22/2004;22;8;1
02/23/2004;16;6;2
02/24/2004;17;8;1
02/25/2004;23;6;1
02/26/2004;20;6;1
02/27/2004;17;6;0
02/28/2004;20;8;0
02/29/2004;9;4;0
03/01/2004;18;3;3
03/02/2004;22;11;2
03/03/2004;35;11;4
03/04/2004;14;6;1
03/05/2004;30;8;2
03/06/2004;19;6;1
03/07/2004;13;7;2
03/08/2004;21;9;2
03/09/2004;16;3;1
03/10/2004;16;6;0
03/11/2004;22;6;2
03/12/2004;15;8;2
03/13/2004;22;6;4
03/14/2004;26;10;3
03/15/2004;19;4;3
03/16/2004;16;5;2
03/17/2004;17;4;3
03/18/2004;16;2;2
03/19/2004;18;9;1
03/20/2004;26;5;6
03/21/2004;16;8;0
03/22/2004;30;8;7
03/23/2004;15;3;3
03/24/2004;15;7;2
03/25/2004;19;8;2
03/26/2004;19;8;1
03/27/2004;15;5;3
03/28/2004;21;12;4
03/29/2004;24;9;1
03/30/2004;19;7;1
03/31/2004;25;9;2
04/01/2004;31;9;4
04/02/2004;24;10;1
04/03/2004;28;5;3
04/04/2004;25;9;2
04/05/2004;22;7;7
04/06/2004;15;4;2
04/07/2004;13;4;2
04/08/2004;23;9;3
04/09/2004;16;7;3
04/10/2004;23;7;4
04/11/2004;20;5;4
04/12/2004;17;9;1
04/13/2004;30;12;2
04/14/2004;24;7;4
04/15/2004;27;11;3
04/16/2004;21;6;3
04/17/2004;24;6;2
04/18/2004;20;8;1
04/19/2004;22;10;0
04/20/2004;15;6;2
04/21/2004;17;7;2
04/22/2004;13;6;1
04/23/2004;20;7;2
04/24/2004;11;5;2
04/25/2004;17;4;3
04/26/2004;30;9;4
04/27/2004;16;4;6
04/28/2004;21;7;4
04/29/2004;26;9;7
04/30/2004;13;5;0
05/01/2004;19;5;5
05/02/2004;21;8;2
05/03/2004;13;6;0
05/04/2004;22;6;1
05/05/2004;18;7;2
05/06/2004;18;7;2
05/07/2004;15;5;2
05/08/2004;13;4;6
05/09/2004;10;4;2
05/10/2004;16;5;5
05/11/2004;16;7;1
05/12/2004;19;7;2
05/13/2004;19;9;2
05/14/2004;24;6;2
05/15/2004;18;4;1
05/16/2004;16;7;1
05/17/2004;22;8;1
05/18/2004;22;4;3
05/19/2004;19;7;4
05/20/2004;21;7;3
05/21/2004;17;3;4
05/22/2004;17;7;2
05/23/2004;18;5;1
05/24/2004;18;4;4
05/25/2004;16;3;3
05/26/2004;17;7;4
05/27/2004;18;6;1
05/28/2004;17;8;2
05/29/2004;19;6;1
05/30/2004;18;5;3
05/31/2004;18;9;0
06/01/2004;13;4;0
06/02/2004;19;8;5
06/03/2004;28;9;2
06/04/2004;19;7;1
06/05/2004;26;10;1
06/06/2004;17;3;3
06/07/2004;19;7;4
06/08/2004;13;3;2
06/09/2004;22;8;0
06/10/2004;13;8;1
06/11/2004;19;9;2
06/12/2004;20;9;2
06/13/2004;15;3;3
06/14/2004;14;5;2
06/15/2004;16;6;3
06/16/2004;22;8;3
06/17/2004;13;8;1
06/18/2004;17;5;3
06/19/2004;17;5;2
06/20/2004;17;3;0
06/21/2004;19;10;2
06/22/2004;13;4;1
06/23/2004;18;5;2
06/24/2004;19;5;2
06/25/2004;17;5;2
06/26/2004;22;7;2
06/27/2004;19;9;4
06/28/2004;23;10;5
06/29/2004;14;7;2
06/30/2004;12;5;0
07/01/2004;20;7;2
07/02/2004;22;4;3
07/03/2004;11;4;2
07/04/2004;14;1;3
07/05/2004;22;5;2
07/06/2004;21;10;2
07/07/2004;12;3;2
07/08/2004;18;5;1
07/09/2004;21;6;1
07/10/2004;14;3;1
07/11/2004;17;4;5
07/12/2004;16;7;4
07/13/2004;14;3;3
07/14/2004;18;5;3
07/15/2004;17;4;1
07/16/2004;14;2;1
07/17/2004;9;7;0
07/18/2004;20;5;2
07/19/2004;22;5;3
07/20/2004;13;7;1
07/21/2004;28;9;3
07/22/2004;22;10;1
07/23/2004;21;4;2
07/24/2004;13;3;3
07/25/2004;17;7;0
07/26/2004;26;8;6
07/27/2004;17;9;1
07/28/2004;17;8;2
07/29/2004;24;5;0
07/30/2004;24;9;2
07/31/2004;18;8;2
08/01/2004;15;5;0
08/02/2004;19;6;0
08/03/2004;24;7;4
08/04/2004;16;4;2
08/05/2004;28;12;2
08/06/2004;17;5;1
08/07/2004;16;3;0
08/08/2004;17;7;1
08/09/2004;13;6;1
08/10/2004;17;8;0
08/11/2004;19;9;4
08/12/2004;20;9;1
08/13/2004;18;6;1
08/14/2004;22;8;2
08/15/2004;15;2;4
08/16/2004;22;9;0
08/17/2004;12;4;1
08/18/2004;16;6;0
08/19/2004;15;8;1
08/20/2004;22;7;2
08/21/2004;20;7;2
08/22/2004;26;11;4
08/23/2004;17;6;3
08/24/2004;21;10;2
08/25/2004;13;6;0
08/26/2004;18;7;3
08/27/2004;14;1;1
08/28/2004;10;1;4
08/29/2004;17;7;0
08/30/2004;19;3;3
08/31/2004;12;2;1
09/01/2004;16;8;2
09/02/2004;19;5;3
09/03/2004;16;4;0
09/04/2004;16;4;3
09/05/2004;10;2;1
09/06/2004;13;5;0
09/07/2004;17;7;2
09/08/2004;21;9;1
09/09/2004;25;8;1
09/10/2004;21;6;3
09/11/2004;17;6;1
09/12/2004;20;11;2
09/13/2004;14;2;1
09/14/2004;21;10;2
09/15/2004;17;8;4
09/16/2004;17;6;1
09/17/2004;10;7;0
09/18/2004;9;4;2
09/19/2004;9;3;0
09/20/2004;11;3;3
09/21/2004;17;3;1
09/22/2004;14;6;1
09/23/2004;16;10;1
09/24/2004;14;5;1
09/25/2004;14;4;0
09/26/2004;18;9;0
09/27/2004;21;5;3
09/28/2004;20;9;1
09/29/2004;19;5;1
09/30/2004;15;5;1
10/01/2004;21;6;0
10/02/2004;15;4;1
10/03/2004;17;5;1
10/04/2004;15;4;1
10/05/2004;9;3;2
10/06/2004;21;4;3
10/07/2004;19;8;0
10/08/2004;19;3;3
10/09/2004;17;6;0
10/10/2004;25;15;2
10/11/2004;14;7;1
10/12/2004;25;10;1
10/13/2004;13;4;0
10/14/2004;19;6;1
10/15/2004;14;4;0
10/16/2004;18;1;2
10/17/2004;21;7;1
10/18/2004;18;3;0
10/19/2004;24;9;2
10/20/2004;27;13;0
10/21/2004;22;8;1
10/22/2004;17;7;1
10/23/2004;18;3;2
10/24/2004;8;1;0
10/25/2004;14;5;1
10/26/2004;16;6;2
10/27/2004;16;4;2
10/28/2004;14;5;1
10/29/2004;25;8;1
10/30/2004;21;8;2
10/31/2004;18;6;3
11/01/2004;24;6;3
11/02/2004;21;8;3
11/03/2004;15;7;1
11/04/2004;18;8;0
11/05/2004;26;13;3
11/06/2004;14;3;4
11/07/2004;19;6;2
11/08/2004;26;7;1
11/09/2004;11;3;0
11/10/2004;19;8;0
11/11/2004;17;8;1
11/12/2004;13;6;2
11/13/2004;28;8;3
11/14/2004;17;3;2
11/15/2004;20;8;1
11/16/2004;25;8;4
11/17/2004;15;6;0
11/18/2004;22;8;1
11/19/2004;22;7;1
11/20/2004;24;8;4
11/21/2004;17;7;1
11/22/2004;25;10;3
11/23/2004;25;7;2
11/24/2004;22;8;3
11/25/2004;24;13;1
11/26/2004;17;8;2
11/27/2004;16;7;2
11/28/2004;29;16;1
11/29/2004;18;4;3
11/30/2004;19;10;1
12/01/2004;25;10;5
12/02/2004;22;7;2
12/03/2004;17;11;2
12/04/2004;28;9;2
12/05/2004;24;10;4
12/06/2004;29;18;4
12/07/2004;21;5;4
12/08/2004;18;5;1
12/09/2004;26;8;4
12/10/2004;24;8;1
12/11/2004;16;5;2
12/12/2004;16;7;2
12/13/2004;22;8;2
12/14/2004;18;7;2
12/15/2004;12;6;1
12/16/2004;18;7;1
12/17/2004;32;10;3
12/18/2004;16;4;0
12/19/2004;15;5;1
12/20/2004;18;10;2
12/21/2004;16;10;2
12/22/2004;18;6;4
12/23/2004;26;10;2
12/24/2004;24;10;2
12/25/2004;14;7;2
12/26/2004;21;5;3
12/27/2004;27;10;4
12/28/2004;29;9;9
12/29/2004;17;3;0
12/30/2004;20;6;2
12/31/2004;29;11;5
01/01/2005;31;10;5
01/02/2005;32;11;6
01/03/2005;32;17;2
01/04/2005;33;16;5
01/05/2005;29;12;5
01/06/2005;30;10;5
01/07/2005;23;4;5
01/08/2005;27;14;3
01/09/2005;20;9;3
01/10/2005;27;11;4
01/11/2005;35;12;7
01/12/2005;35;16;10
01/13/2005;34;12;7
01/14/2005;40;17;6
01/15/2005;37;9;10
01/16/2005;38;10;14
01/17/2005;26;14;4
01/18/2005;40;9;8
01/19/2005;27;5;8
01/20/2005;29;10;11
01/21/2005;34;12;6
01/22/2005;29;11;8
01/23/2005;28;7;6
01/24/2005;29;13;5
01/25/2005;34;9;8
01/26/2005;28;10;4
01/27/2005;24;11;4
01/28/2005;30;14;4
01/29/2005;32;13;7
01/30/2005;29;11;2
01/31/2005;31;12;3
02/01/2005;29;11;5
02/02/2005;32;12;5
02/03/2005;34;16;4
02/04/2005;24;8;7
02/05/2005;28;8;3
02/06/2005;35;7;7
02/07/2005;32;17;5
02/08/2005;29;13;4
02/09/2005;30;7;7
02/10/2005;24;8;3
02/11/2005;18;8;1
02/12/2005;19;6;2
02/13/2005;26;7;3
02/14/2005;28;8;7
02/15/2005;26;12;2
02/16/2005;18;4;3
02/17/2005;27;12;4
02/18/2005;22;6;5
02/19/2005;24;11;2
02/20/2005;20;7;4
02/21/2005;21;8;4
02/22/2005;17;7;4
02/23/2005;22;10;0
02/24/2005;29;7;6
02/25/2005;42;16;7
02/26/2005;21;9;2
02/27/2005;19;7;2
02/28/2005;23;9;4
03/01/2005;24;8;5
03/02/2005;17;7;2
03/03/2005;32;6;8
03/04/2005;27;12;5
03/05/2005;20;3;3
03/06/2005;20;9;2
03/07/2005;25;8;4
03/08/2005;33;9;7
03/09/2005;28;11;0
03/10/2005;24;10;4
03/11/2005;24;8;2
03/12/2005;20;4;3
03/13/2005;25;7;6
03/14/2005;27;8;4
03/15/2005;21;5;6
03/16/2005;22;9;2
03/17/2005;24;7;5
03/18/2005;36;11;6
03/19/2005;29;8;7
03/20/2005;19;10;3
03/21/2005;30;12;5
03/22/2005;22;10;1
03/23/2005;24;9;2
03/24/2005;18;4;3
03/25/2005;17;5;2
03/26/2005;18;8;2
03/27/2005;19;9;2
03/28/2005;17;3;4
03/29/2005;25;7;5
03/30/2005;29;10;3
03/31/2005;26;8;4
04/01/2005;18;7;2
04/02/2005;21;4;3
04/03/2005;22;6;4
04/04/2005;19;7;1
04/05/2005;23;6;2
04/06/2005;17;5;2
04/07/2005;18;7;3
04/08/2005;20;8;2
04/09/2005;16;9;0
04/10/2005;8;2;1
04/11/2005;17;4;3
04/12/2005;24;8;4
04/13/2005;16;9;2
04/14/2005;17;7;1
04/15/2005;22;10;2
04/16/2005;23;10;2
04/17/2005;17;1;0
04/18/2005;16;6;0
04/19/2005;21;7;4
04/20/2005;24;10;5
04/21/2005;20;9;2
04/22/2005;21;11;2
04/23/2005;15;5;1
04/24/2005;19;9;6
04/25/2005;14;4;1
04/26/2005;9;0;0
04/27/2005;21;7;1
04/28/2005;17;9;3
04/29/2005;18;5;2
04/30/2005;15;3;3
05/01/2005;18;10;0
05/02/2005;22;9;1
05/03/2005;11;3;0
05/04/2005;17;2;1
05/05/2005;16;5;0
05/06/2005;16;2;6
05/07/2005;17;6;1
05/08/2005;21;6;3
05/09/2005;13;3;2
05/10/2005;11;2;0
05/11/2005;16;7;1
05/12/2005;7;3;1
05/13/2005;16;2;2
05/14/2005;17;2;4
05/15/2005;18;7;1
05/16/2005;28;13;4
05/17/2005;15;6;1
05/18/2005;20;8;3
05/19/2005;15;8;1
05/20/2005;13;3;2
05/21/2005;19;7;3
05/22/2005;18;3;2
05/23/2005;18;8;1
05/24/2005;16;9;0
05/25/2005;21;7;1
05/26/2005;31;13;3
05/27/2005;18;3;2
05/28/2005;22;6;4
05/29/2005;19;7;2
05/30/2005;24;6;1
05/31/2005;14;3;3
06/01/2005;20;5;4
06/02/2005;19;7;3
06/03/2005;21;5;1
06/04/2005;19;8;3
06/05/2005;20;9;2
06/06/2005;19;4;2
06/07/2005;20;10;1
06/08/2005;18;6;3
06/09/2005;16;6;0
06/10/2005;18;3;2
06/11/2005;10;5;1
06/12/2005;15;7;0
06/13/2005;18;9;1
06/14/2005;12;4;3
06/15/2005;14;5;1
06/16/2005;23;10;0
06/17/2005;18;8;1
06/18/2005;16;3;1
06/19/2005;10;1;1
06/20/2005;12;5;1
06/21/2005;22;5;4
06/22/2005;23;10;1
06/23/2005;14;6;1
06/24/2005;22;5;5
06/25/2005;17;2;2
06/26/2005;28;9;2
06/27/2005;17;5;3
06/28/2005;13;1;0
06/29/2005;19;10;2
06/30/2005;23;5;3
07/01/2005;19;4;4
07/02/2005;21;7;2
07/03/2005;17;10;0
07/04/2005;19;6;3
07/05/2005;21;4;4
07/06/2005;12;3;2
07/07/2005;20;9;1
07/08/2005;18;4;1
07/09/2005;9;3;2
07/10/2005;13;7;3
07/11/2005;25;10;2
07/12/2005;13;5;3
07/13/2005;12;5;0
07/14/2005;12;6;2
07/15/2005;15;6;2
07/16/2005;12;5;1
07/17/2005;24;13;0
07/18/2005;20;8;5
07/19/2005;13;3;1
07/20/2005;21;5;2
07/21/2005;10;5;0
07/22/2005;15;6;1
07/23/2005;18;6;3
07/24/2005;12;6;0
07/25/2005;15;2;0
07/26/2005;14;10;0
07/27/2005;17;4;3
07/28/2005;16;7;1
07/29/2005;14;7;0
07/30/2005;18;3;2
07/31/2005;15;6;3
08/01/2005;18;4;3
08/02/2005;16;3;4
08/03/2005;17;5;1
08/04/2005;16;6;1
08/05/2005;21;8;1
08/06/2005;24;8;2
08/07/2005;10;2;3
08/08/2005;12;7;0
08/09/2005;18;6;3
08/10/2005;11;4;1
08/11/2005;18;11;3
08/12/2005;16;3;1
08/13/2005;8;1;0
08/14/2005;14;4;2
08/15/2005;12;4;0
08/16/2005;11;3;0
08/17/2005;14;3;2
08/18/2005;23;13;0
08/19/2005;18;6;3
08/20/2005;17;4;5
08/21/2005;14;5;2
08/22/2005;23;5;0
08/23/2005;19;6;2
08/24/2005;22;7;1
08/25/2005;14;3;1
08/26/2005;14;4;2
08/27/2005;26;8;0
08/28/2005;12;6;0
08/29/2005;14;5;0
08/30/2005;20;8;1
08/31/2005;20;7;3
09/01/2005;14;4;2
09/02/2005;14;3;1
09/03/2005;10;5;0
09/04/2005;18;4;1
09/05/2005;19;4;1
09/06/2005;7;3;2
09/07/2005;20;4;2
09/08/2005;17;4;3
09/09/2005;17;4;2
09/10/2005;15;5;1
09/11/2005;12;4;3
09/12/2005;14;7;2
09/13/2005;21;7;2
09/14/2005;17;4;0
09/15/2005;17;7;2
09/16/2005;13;3;2
09/17/2005;21;5;2
09/18/2005;16;5;3
09/19/2005;13;4;0
09/20/2005;14;5;1
09/21/2005;19;7;2
09/22/2005;17;4;2
09/23/2005;17;8;0
09/24/2005;18;5;0
09/25/2005;15;1;1
09/26/2005;18;8;2
09/27/2005;21;13;0
09/28/2005;17;8;1
09/29/2005;25;7;4
09/30/2005;19;5;3
10/01/2005;19;8;2
10/02/2005;15;7;1
10/03/2005;22;7;1
10/04/2005;15;8;1
10/05/2005;17;7;0
10/06/2005;18;5;2
10/07/2005;15;2;0
10/08/2005;16;5;0
10/09/2005;9;4;2
10/10/2005;11;3;2
10/11/2005;19;6;0
10/12/2005;20;6;1
10/13/2005;15;6;1
10/14/2005;15;5;2
10/15/2005;15;7;1
10/16/2005;10;2;2
10/17/2005;19;7;1
10/18/2005;15;7;1
10/19/2005;21;9;0
10/20/2005;13;5;0
10/21/2005;16;6;1
10/22/2005;16;7;1
10/23/2005;14;6;2
10/24/2005;18;2;4
10/25/2005;17;5;2
10/26/2005;13;5;1
10/27/2005;25;5;4
10/28/2005;15;5;3
10/29/2005;24;8;3
10/30/2005;24;2;2
10/31/2005;16;4;1
11/01/2005;16;6;1
11/02/2005;12;3;1
11/03/2005;25;9;1
11/04/2005;16;8;2
11/05/2005;14;9;1
11/06/2005;11;8;0
11/07/2005;11;2;1
11/08/2005;19;5;1
11/09/2005;22;7;4
11/10/2005;17;8;0
11/11/2005;20;6;1
11/12/2005;20;5;2
11/13/2005;19;10;3
11/14/2005;16;6;1
11/15/2005;26;5;4
11/16/2005;18;7;0
11/17/2005;23;8;3
11/18/2005;19;7;2
11/19/2005;19;7;2
11/20/2005;20;10;2
11/21/2005;24;8;2
11/22/2005;21;8;2
11/23/2005;16;5;2
11/24/2005;14;6;1
11/25/2005;13;4;0
11/26/2005;19;7;3
11/27/2005;15;8;1
11/28/2005;25;9;2
11/29/2005;13;4;1
11/30/2005;16;9;1
12/01/2005;20;10;2
12/02/2005;19;7;4
12/03/2005;14;4;3
12/04/2005;24;8;2
12/05/2005;22;3;3
12/06/2005;12;5;0
12/07/2005;22;6;4
12/08/2005;24;8;2
12/09/2005;21;6;2
12/10/2005;19;6;0
12/11/2005;31;14;6
12/12/2005;13;5;1
12/13/2005;16;6;2
12/14/2005;28;11;5
12/15/2005;24;4;3
12/16/2005;23;14;3
12/17/2005;17;6;4
12/18/2005;22;11;4
12/19/2005;16;6;1
12/20/2005;21;5;1
12/21/2005;22;9;2
12/22/2005;24;4;2
12/23/2005;19;5;2
12/24/2005;24;11;5
12/25/2005;22;9;5
12/26/2005;17;4;3
12/27/2005;18;11;1
12/28/2005;19;8;2
12/29/2005;17;9;2
12/30/2005;22;6;3
12/31/2005;21;9;2
01/01/2006;26;5;7
01/02/2006;23;10;2
01/03/2006;31;9;5
01/04/2006;16;1;4
01/05/2006;24;9;6
01/06/2006;20;6;0
01/07/2006;22;10;2
01/08/2006;23;11;2
01/09/2006;20;7;1
01/10/2006;33;6;7
01/11/2006;17;4;1
01/12/2006;19;4;2
01/13/2006;21;8;4
01/14/2006;32;7;11
01/15/2006;29;10;4
01/16/2006;12;4;2
01/17/2006;18;6;6
01/18/2006;19;5;4
01/19/2006;21;8;4
01/20/2006;11;2;3
01/21/2006;26;14;2
01/22/2006;14;5;1
01/23/2006;16;5;1
01/24/2006;17;7;3
01/25/2006;24;6;5
01/26/2006;25;10;3
01/27/2006;13;7;1
01/28/2006;21;6;3
01/29/2006;28;10;2
01/30/2006;19;8;2
01/31/2006;25;7;1
02/01/2006;26;8;4
02/02/2006;23;5;5
02/03/2006;20;8;1
02/04/2006;14;6;3
02/05/2006;18;7;2
02/06/2006;17;8;0
02/07/2006;24;8;1
02/08/2006;22;6;5
02/09/2006;21;6;2
02/10/2006;19;9;2
02/11/2006;23;8;5
02/12/2006;18;10;0
02/13/2006;25;11;2
02/14/2006;15;3;1
02/15/2006;21;7;1
02/16/2006;19;6;2
02/17/2006;30;13;7
02/18/2006;21;5;3
02/19/2006;17;6;1
02/20/2006;23;9;4
02/21/2006;23;9;6
02/22/2006;22;7;3
02/23/2006;19;5;2
02/24/2006;23;4;6
02/25/2006;20;8;2
02/26/2006;24;10;2
02/27/2006;17;7;0
02/28/2006;22;6;5
03/01/2006;23;6;3
03/02/2006;24;8;3
03/03/2006;20;7;4
03/04/2006;25;8;5
03/05/2006;16;6;1
03/06/2006;14;4;1
03/07/2006;16;5;1
03/08/2006;20;7;3
03/09/2006;22;7;4
03/10/2006;25;11;1
03/11/2006;18;8;5
03/12/2006;20;5;4
03/13/2006;28;9;5
03/14/2006;26;9;3
03/15/2006;20;6;4
03/16/2006;22;7;3
03/17/2006;15;5;5
03/18/2006;26;7;2
03/19/2006;26;13;2
03/20/2006;28;14;3
03/21/2006;17;4;3
03/22/2006;24;9;3
03/23/2006;19;7;0
03/24/2006;26;12;2
03/25/2006;20;10;4
03/26/2006;15;6;0
03/27/2006;15;5;4
03/28/2006;15;7;0
03/29/2006;21;5;2
03/30/2006;27;5;6
03/31/2006;22;6;4
04/01/2006;14;5;1
04/02/2006;20;13;1
04/03/2006;12;5;3
04/04/2006;21;3;4
04/05/2006;16;4;1
04/06/2006;25;10;5
04/07/2006;22;9;1
04/08/2006;21;7;1
04/09/2006;21;5;3
04/10/2006;18;3;5
04/11/2006;14;8;0
04/12/2006;17;5;5
04/13/2006;15;7;1
04/14/2006;19;2;3
04/15/2006;20;8;4
04/16/2006;24;5;2
04/17/2006;15;6;1
04/18/2006;17;6;0
04/19/2006;16;6;1
04/20/2006;19;3;4
04/21/2006;19;7;1
04/22/2006;20;6;3
04/23/2006;17;6;3
04/24/2006;22;9;3
04/25/2006;19;4;4
04/26/2006;20;5;3
04/27/2006;19;4;4
04/28/2006;25;9;5
04/29/2006;21;8;1
04/30/2006;17;5;3
05/01/2006;14;6;5
05/02/2006;17;6;3
05/03/2006;13;5;1
05/04/2006;13;3;2
05/05/2006;21;7;1
05/06/2006;21;10;2
05/07/2006;23;6;2
05/08/2006;12;6;2
05/09/2006;15;6;1
05/10/2006;23;5;1
05/11/2006;19;5;3
05/12/2006;24;8;5
05/13/2006;11;5;1
05/14/2006;15;4;2
05/15/2006;15;6;2
05/16/2006;16;4;4
05/17/2006;23;9;4
05/18/2006;17;6;3
05/19/2006;16;6;1
05/20/2006;17;8;4
05/21/2006;11;5;1
05/22/2006;14;8;1
05/23/2006;14;6;1
05/24/2006;14;6;2
05/25/2006;17;4;3
05/26/2006;22;12;0
05/27/2006;12;4;0
05/28/2006;17;4;5
05/29/2006;13;3;0
05/30/2006;21;8;2
05/31/2006;23;9;1
06/01/2006;18;7;2
06/02/2006;21;7;5
06/03/2006;13;4;3
06/04/2006;11;4;3
06/05/2006;17;7;1
06/06/2006;17;4;4
06/07/2006;10;5;1
06/08/2006;13;3;1
06/09/2006;19;9;0
06/10/2006;12;3;2
06/11/2006;16;4;1
06/12/2006;22;12;1
06/13/2006;17;7;1
06/14/2006;18;6;4
06/15/2006;13;4;1
06/16/2006;17;2;3
06/17/2006;16;4;2
06/18/2006;17;7;1
06/19/2006;26;12;1
06/20/2006;19;7;0
06/21/2006;13;2;0
06/22/2006;18;6;3
06/23/2006;16;4;2
06/24/2006;18;7;2
06/25/2006;21;6;4
06/26/2006;21;5;2
06/27/2006;14;3;0
06/28/2006;23;5;3
06/29/2006;19;9;1
06/30/2006;13;8;0
07/01/2006;24;10;3
07/02/2006;14;2;3
07/03/2006;18;5;2
07/04/2006;15;4;0
07/05/2006;20;6;2
07/06/2006;19;11;2
07/07/2006;15;8;2
07/08/2006;12;4;1
07/09/2006;19;4;1
07/10/2006;19;6;3
07/11/2006;18;5;2
07/12/2006;16;7;3
07/13/2006;17;8;1
07/14/2006;17;4;5
07/15/2006;18;1;4
07/16/2006;16;2;2
07/17/2006;18;3;0
07/18/2006;23;7;3
07/19/2006;15;8;1
07/20/2006;21;6;2
07/21/2006;23;11;3
07/22/2006;17;5;2
07/23/2006;21;8;4
07/24/2006;10;2;3
07/25/2006;12;1;1
07/26/2006;26;7;4
07/27/2006;18;7;3
07/28/2006;17;3;6
07/29/2006;18;6;1
07/30/2006;14;3;2
07/31/2006;21;7;4
08/01/2006;20;9;3
08/02/2006;13;6;1
08/03/2006;23;11;2
08/04/2006;21;3;2
08/05/2006;13;4;3
08/06/2006;18;4;5
08/07/2006;17;6;0
08/08/2006;22;8;1
08/09/2006;14;1;5
08/10/2006;16;9;2
08/11/2006;16;7;2
08/12/2006;15;9;3
08/13/2006;21;5;1
08/14/2006;18;5;2
08/15/2006;18;4;1
08/16/2006;19;6;0
08/17/2006;8;3;0
08/18/2006;23;10;1
08/19/2006;19;7;2
08/20/2006;14;2;2
08/21/2006;12;1;3
08/22/2006;23;3;6
08/23/2006;13;4;1
08/24/2006;14;3;2
08/25/2006;17;6;3
08/26/2006;15;3;2
08/27/2006;12;2;2
08/28/2006;15;6;1
08/29/2006;13;5;2
08/30/2006;16;5;2
08/31/2006;20;6;0
09/01/2006;21;11;2
09/02/2006;11;4;1
09/03/2006;15;5;3
09/04/2006;21;7;0
09/05/2006;14;4;3
09/06/2006;25;12;6
09/07/2006;18;5;2
09/08/2006;20;7;4
09/09/2006;19;3;3
09/10/2006;12;6;3
09/11/2006;13;7;1
09/12/2006;14;6;1
09/13/2006;24;7;4
09/14/2006;12;2;2
09/15/2006;22;6;3
09/16/2006;15;5;5
09/17/2006;25;4;3
09/18/2006;15;5;3
09/19/2006;16;5;2
09/20/2006;19;10;1
09/21/2006;17;6;2
09/22/2006;32;9;3
09/23/2006;18;8;2
09/24/2006;18;4;2
09/25/2006;14;9;3
09/26/2006;16;8;2
09/27/2006;16;6;3
09/28/2006;13;5;3
09/29/2006;16;3;1
09/30/2006;12;5;2
10/01/2006;10;3;3
10/02/2006;23;8;0
10/03/2006;19;5;2
10/04/2006;17;5;2
10/05/2006;15;4;1
10/06/2006;15;8;0
10/07/2006;19;9;2
10/08/2006;27;9;2
10/09/2006;20;5;3
10/10/2006;25;7;5
10/11/2006;20;4;2
10/12/2006;16;4;2
10/13/2006;12;5;3
10/14/2006;24;6;2
10/15/2006;21;9;3
10/16/2006;15;3;0
10/17/2006;22;8;1
10/18/2006;22;6;4
10/19/2006;19;5;2
10/20/2006;12;6;2
10/21/2006;27;7;3
10/22/2006;22;11;1
10/23/2006;21;8;3
10/24/2006;11;5;3
10/25/2006;26;9;2
10/26/2006;14;3;2
10/27/2006;22;5;2
10/28/2006;17;5;2
10/29/2006;26;11;3
10/30/2006;23;7;4
10/31/2006;21;8;1
11/01/2006;24;10;4
11/02/2006;19;4;1
11/03/2006;12;9;1
11/04/2006;14;5;2
11/05/2006;18;8;2
11/06/2006;21;6;2
11/07/2006;16;4;2
11/08/2006;23;3;2
11/09/2006;21;4;5
11/10/2006;19;5;0
11/11/2006;31;12;2
11/12/2006;19;7;4
11/13/2006;19;3;2
11/14/2006;17;4;1
11/15/2006;26;6;1
11/16/2006;14;7;0
11/17/2006;21;4;3
11/18/2006;26;6;5
11/19/2006;13;2;1
11/20/2006;16;5;5
11/21/2006;25;5;3
11/22/2006;20;5;3
11/23/2006;19;9;0
11/24/2006;27;12;1
11/25/2006;24;8;2
11/26/2006;24;11;3
11/27/2006;27;12;1
11/28/2006;23;7;3
11/29/2006;17;4;2
11/30/2006;19;6;4
12/01/2006;17;5;3
12/02/2006;19;11;1
12/03/2006;23;9;2
12/04/2006;25;8;3
12/05/2006;20;8;2
12/06/2006;20;5;4
12/07/2006;18;6;1
12/08/2006;20;9;1
12/09/2006;20;6;3
12/10/2006;18;6;4
12/11/2006;8;5;0
12/12/2006;18;9;2
12/13/2006;20;4;4
12/14/2006;25;12;0
12/15/2006;28;7;3
12/16/2006;17;7;4
12/17/2006;20;12;4
12/18/2006;19;10;2
12/19/2006;25;8;3
12/20/2006;28;10;3
12/21/2006;20;7;2
12/22/2006;23;7;2
12/23/2006;30;14;4
12/24/2006;23;6;6
12/25/2006;26;11;4
12/26/2006;28;13;3
12/27/2006;28;10;2
12/28/2006;19;6;5
12/29/2006;24;9;5
12/30/2006;30;12;5
12/31/2006;22;9;6
