fecha;o38
01/01/1994;
01/02/1994;
01/03/1994;
01/04/1994;
01/05/1994;
01/06/1994;
01/07/1994;
01/08/1994;
01/09/1994;
01/10/1994;
01/11/1994;
01/12/1994;
01/13/1994;
01/14/1994;
01/15/1994;
01/16/1994;
01/17/1994;
01/18/1994;
01/19/1994;
01/20/1994;
01/21/1994;
01/22/1994;
01/23/1994;
01/24/1994;
01/25/1994;
01/26/1994;
01/27/1994;
01/28/1994;
01/29/1994;
01/30/1994;
01/31/1994;
02/01/1994;
02/02/1994;
02/03/1994;
02/04/1994;
02/05/1994;
02/06/1994;
02/07/1994;
02/08/1994;
02/09/1994;
02/10/1994;
02/11/1994;
02/12/1994;
02/13/1994;
02/14/1994;
02/15/1994;
02/16/1994;
02/17/1994;
02/18/1994;
02/19/1994;
02/20/1994;
02/21/1994;
02/22/1994;
02/23/1994;
02/24/1994;
02/25/1994;
02/26/1994;
02/27/1994;
02/28/1994;
03/01/1994;
03/02/1994;
03/03/1994;
03/04/1994;
03/05/1994;
03/06/1994;
03/07/1994;
03/08/1994;
03/09/1994;
03/10/1994;
03/11/1994;
03/12/1994;
03/13/1994;
03/14/1994;
03/15/1994;
03/16/1994;
03/17/1994;
03/18/1994;
03/19/1994;
03/20/1994;
03/21/1994;
03/22/1994;
03/23/1994;
03/24/1994;
03/25/1994;
03/26/1994;
03/27/1994;
03/28/1994;
03/29/1994;
03/30/1994;
03/31/1994;
04/01/1994;
04/02/1994;
04/03/1994;
04/04/1994;
04/05/1994;
04/06/1994;
04/07/1994;
04/08/1994;
04/09/1994;
04/10/1994;
04/11/1994;
04/12/1994;
04/13/1994;
04/14/1994;
04/15/1994;
04/16/1994;
04/17/1994;
04/18/1994;
04/19/1994;
04/20/1994;
04/21/1994;
04/22/1994;
04/23/1994;
04/24/1994;
04/25/1994;
04/26/1994;
04/27/1994;
04/28/1994;
04/29/1994;
04/30/1994;
05/01/1994;
05/02/1994;
05/03/1994;
05/04/1994;
05/05/1994;
05/06/1994;
05/07/1994;
05/08/1994;
05/09/1994;
05/10/1994;
05/11/1994;
05/12/1994;
05/13/1994;
05/14/1994;
05/15/1994;
05/16/1994;
05/17/1994;
05/18/1994;
05/19/1994;
05/20/1994;
05/21/1994;
05/22/1994;
05/23/1994;
05/24/1994;
05/25/1994;
05/26/1994;
05/27/1994;
05/28/1994;
05/29/1994;
05/30/1994;
05/31/1994;
06/01/1994;
06/02/1994;
06/03/1994;
06/04/1994;
06/05/1994;
06/06/1994;
06/07/1994;
06/08/1994;
06/09/1994;
06/10/1994;
06/11/1994;
06/12/1994;
06/13/1994;
06/14/1994;
06/15/1994;
06/16/1994;
06/17/1994;
06/18/1994;
06/19/1994;
06/20/1994;
06/21/1994;
06/22/1994;
06/23/1994;
06/24/1994;
06/25/1994;
06/26/1994;
06/27/1994;
06/28/1994;
06/29/1994;
06/30/1994;
07/01/1994;
07/02/1994;
07/03/1994;
07/04/1994;
07/05/1994;
07/06/1994;
07/07/1994;
07/08/1994;
07/09/1994;
07/10/1994;
07/11/1994;
07/12/1994;
07/13/1994;
07/14/1994;
07/15/1994;
07/16/1994;
07/17/1994;
07/18/1994;
07/19/1994;
07/20/1994;
07/21/1994;
07/22/1994;
07/23/1994;
07/24/1994;
07/25/1994;
07/26/1994;
07/27/1994;
07/28/1994;
07/29/1994;
07/30/1994;
07/31/1994;
08/01/1994;
08/02/1994;
08/03/1994;
08/04/1994;
08/05/1994;
08/06/1994;
08/07/1994;
08/08/1994;
08/09/1994;
08/10/1994;
08/11/1994;
08/12/1994;
08/13/1994;
08/14/1994;
08/15/1994;
08/16/1994;
08/17/1994;
08/18/1994;
08/19/1994;
08/20/1994;
08/21/1994;
08/22/1994;
08/23/1994;
08/24/1994;
08/25/1994;
08/26/1994;
08/27/1994;
08/28/1994;
08/29/1994;
08/30/1994;
08/31/1994;
09/01/1994;
09/02/1994;
09/03/1994;
09/04/1994;
09/05/1994;
09/06/1994;
09/07/1994;
09/08/1994;
09/09/1994;
09/10/1994;
09/11/1994;
09/12/1994;
09/13/1994;
09/14/1994;
09/15/1994;
09/16/1994;
09/17/1994;
09/18/1994;
09/19/1994;
09/20/1994;
09/21/1994;
09/22/1994;
09/23/1994;
09/24/1994;
09/25/1994;
09/26/1994;
09/27/1994;
09/28/1994;
09/29/1994;
09/30/1994;
10/01/1994;
10/02/1994;
10/03/1994;
10/04/1994;
10/05/1994;
10/06/1994;
10/07/1994;
10/08/1994;
10/09/1994;
10/10/1994;
10/11/1994;
10/12/1994;
10/13/1994;
10/14/1994;
10/15/1994;
10/16/1994;
10/17/1994;
10/18/1994;
10/19/1994;
10/20/1994;
10/21/1994;
10/22/1994;
10/23/1994;
10/24/1994;
10/25/1994;
10/26/1994;
10/27/1994;
10/28/1994;
10/29/1994;
10/30/1994;
10/31/1994;
11/01/1994;
11/02/1994;
11/03/1994;
11/04/1994;
11/05/1994;
11/06/1994;
11/07/1994;
11/08/1994;
11/09/1994;
11/10/1994;
11/11/1994;
11/12/1994;
11/13/1994;
11/14/1994;
11/15/1994;
11/16/1994;
11/17/1994;
11/18/1994;
11/19/1994;
11/20/1994;
11/21/1994;
11/22/1994;
11/23/1994;
11/24/1994;
11/25/1994;
11/26/1994;
11/27/1994;
11/28/1994;
11/29/1994;
11/30/1994;
12/01/1994;
12/02/1994;
12/03/1994;
12/04/1994;
12/05/1994;
12/06/1994;
12/07/1994;
12/08/1994;
12/09/1994;
12/10/1994;
12/11/1994;
12/12/1994;
12/13/1994;
12/14/1994;
12/15/1994;
12/16/1994;
12/17/1994;
12/18/1994;
12/19/1994;
12/20/1994;
12/21/1994;
12/22/1994;
12/23/1994;
12/24/1994;
12/25/1994;
12/26/1994;
12/27/1994;
12/28/1994;
12/29/1994;
12/30/1994;
12/31/1994;
01/01/1995;
01/02/1995;
01/03/1995;
01/04/1995;
01/05/1995;
01/06/1995;
01/07/1995;
01/08/1995;
01/09/1995;
01/10/1995;
01/11/1995;
01/12/1995;
01/13/1995;
01/14/1995;
01/15/1995;
01/16/1995;
01/17/1995;
01/18/1995;
01/19/1995;
01/20/1995;
01/21/1995;
01/22/1995;
01/23/1995;
01/24/1995;
01/25/1995;
01/26/1995;
01/27/1995;
01/28/1995;
01/29/1995;
01/30/1995;
01/31/1995;
02/01/1995;
02/02/1995;
02/03/1995;
02/04/1995;
02/05/1995;
02/06/1995;
02/07/1995;
02/08/1995;
02/09/1995;
02/10/1995;
02/11/1995;
02/12/1995;
02/13/1995;
02/14/1995;
02/15/1995;
02/16/1995;
02/17/1995;
02/18/1995;
02/19/1995;
02/20/1995;
02/21/1995;
02/22/1995;
02/23/1995;
02/24/1995;
02/25/1995;
02/26/1995;
02/27/1995;
02/28/1995;
03/01/1995;
03/02/1995;
03/03/1995;
03/04/1995;
03/05/1995;
03/06/1995;
03/07/1995;
03/08/1995;
03/09/1995;
03/10/1995;
03/11/1995;
03/12/1995;
03/13/1995;
03/14/1995;
03/15/1995;
03/16/1995;
03/17/1995;
03/18/1995;
03/19/1995;
03/20/1995;
03/21/1995;
03/22/1995;
03/23/1995;
03/24/1995;
03/25/1995;
03/26/1995;
03/27/1995;
03/28/1995;
03/29/1995;
03/30/1995;
03/31/1995;
04/01/1995;
04/02/1995;
04/03/1995;
04/04/1995;
04/05/1995;
04/06/1995;
04/07/1995;
04/08/1995;
04/09/1995;
04/10/1995;
04/11/1995;
04/12/1995;
04/13/1995;
04/14/1995;
04/15/1995;
04/16/1995;
04/17/1995;
04/18/1995;
04/19/1995;
04/20/1995;
04/21/1995;
04/22/1995;
04/23/1995;
04/24/1995;
04/25/1995;
04/26/1995;
04/27/1995;
04/28/1995;
04/29/1995;
04/30/1995;
05/01/1995;
05/02/1995;
05/03/1995;
05/04/1995;
05/05/1995;
05/06/1995;
05/07/1995;
05/08/1995;
05/09/1995;
05/10/1995;
05/11/1995;
05/12/1995;
05/13/1995;
05/14/1995;
05/15/1995;
05/16/1995;
05/17/1995;
05/18/1995;
05/19/1995;
05/20/1995;
05/21/1995;
05/22/1995;
05/23/1995;
05/24/1995;
05/25/1995;
05/26/1995;
05/27/1995;
05/28/1995;
05/29/1995;
05/30/1995;
05/31/1995;
06/01/1995;
06/02/1995;
06/03/1995;
06/04/1995;
06/05/1995;
06/06/1995;
06/07/1995;
06/08/1995;
06/09/1995;
06/10/1995;
06/11/1995;
06/12/1995;
06/13/1995;
06/14/1995;
06/15/1995;
06/16/1995;
06/17/1995;
06/18/1995;
06/19/1995;
06/20/1995;
06/21/1995;
06/22/1995;
06/23/1995;
06/24/1995;
06/25/1995;
06/26/1995;
06/27/1995;
06/28/1995;
06/29/1995;
06/30/1995;
07/01/1995;
07/02/1995;
07/03/1995;
07/04/1995;
07/05/1995;
07/06/1995;
07/07/1995;
07/08/1995;
07/09/1995;
07/10/1995;
07/11/1995;
07/12/1995;
07/13/1995;
07/14/1995;
07/15/1995;
07/16/1995;
07/17/1995;
07/18/1995;
07/19/1995;
07/20/1995;
07/21/1995;
07/22/1995;
07/23/1995;
07/24/1995;
07/25/1995;
07/26/1995;
07/27/1995;
07/28/1995;
07/29/1995;
07/30/1995;
07/31/1995;
08/01/1995;
08/02/1995;
08/03/1995;
08/04/1995;
08/05/1995;
08/06/1995;
08/07/1995;
08/08/1995;
08/09/1995;
08/10/1995;
08/11/1995;
08/12/1995;
08/13/1995;
08/14/1995;
08/15/1995;
08/16/1995;
08/17/1995;
08/18/1995;
08/19/1995;
08/20/1995;
08/21/1995;
08/22/1995;
08/23/1995;
08/24/1995;
08/25/1995;
08/26/1995;
08/27/1995;
08/28/1995;
08/29/1995;
08/30/1995;
08/31/1995;
09/01/1995;
09/02/1995;
09/03/1995;
09/04/1995;
09/05/1995;
09/06/1995;
09/07/1995;
09/08/1995;
09/09/1995;
09/10/1995;
09/11/1995;
09/12/1995;
09/13/1995;
09/14/1995;
09/15/1995;
09/16/1995;
09/17/1995;
09/18/1995;
09/19/1995;
09/20/1995;
09/21/1995;
09/22/1995;
09/23/1995;
09/24/1995;
09/25/1995;
09/26/1995;
09/27/1995;
09/28/1995;
09/29/1995;
09/30/1995;
10/01/1995;
10/02/1995;
10/03/1995;
10/04/1995;
10/05/1995;
10/06/1995;
10/07/1995;
10/08/1995;
10/09/1995;
10/10/1995;
10/11/1995;
10/12/1995;
10/13/1995;
10/14/1995;
10/15/1995;
10/16/1995;
10/17/1995;
10/18/1995;
10/19/1995;
10/20/1995;
10/21/1995;
10/22/1995;
10/23/1995;
10/24/1995;
10/25/1995;
10/26/1995;
10/27/1995;
10/28/1995;
10/29/1995;
10/30/1995;
10/31/1995;
11/01/1995;
11/02/1995;
11/03/1995;
11/04/1995;
11/05/1995;
11/06/1995;
11/07/1995;
11/08/1995;
11/09/1995;
11/10/1995;
11/11/1995;
11/12/1995;
11/13/1995;
11/14/1995;
11/15/1995;
11/16/1995;
11/17/1995;
11/18/1995;
11/19/1995;
11/20/1995;
11/21/1995;
11/22/1995;
11/23/1995;
11/24/1995;
11/25/1995;
11/26/1995;
11/27/1995;
11/28/1995;
11/29/1995;
11/30/1995;
12/01/1995;
12/02/1995;
12/03/1995;
12/04/1995;
12/05/1995;
12/06/1995;
12/07/1995;
12/08/1995;
12/09/1995;
12/10/1995;
12/11/1995;
12/12/1995;
12/13/1995;
12/14/1995;
12/15/1995;
12/16/1995;
12/17/1995;
12/18/1995;
12/19/1995;
12/20/1995;
12/21/1995;
12/22/1995;
12/23/1995;
12/24/1995;
12/25/1995;
12/26/1995;
12/27/1995;
12/28/1995;
12/29/1995;
12/30/1995;
12/31/1995;
01/01/1996;
01/02/1996;
01/03/1996;
01/04/1996;
01/05/1996;
01/06/1996;
01/07/1996;
01/08/1996;
01/09/1996;
01/10/1996;
01/11/1996;
01/12/1996;
01/13/1996;
01/14/1996;
01/15/1996;
01/16/1996;
01/17/1996;
01/18/1996;
01/19/1996;
01/20/1996;
01/21/1996;
01/22/1996;
01/23/1996;
01/24/1996;
01/25/1996;
01/26/1996;
01/27/1996;
01/28/1996;
01/29/1996;
01/30/1996;
01/31/1996;
02/01/1996;
02/02/1996;
02/03/1996;
02/04/1996;
02/05/1996;
02/06/1996;
02/07/1996;
02/08/1996;
02/09/1996;
02/10/1996;
02/11/1996;
02/12/1996;
02/13/1996;
02/14/1996;
02/15/1996;
02/16/1996;
02/17/1996;
02/18/1996;
02/19/1996;
02/20/1996;
02/21/1996;
02/22/1996;
02/23/1996;
02/24/1996;
02/25/1996;
02/26/1996;
02/27/1996;
02/28/1996;
02/29/1996;
03/01/1996;
03/02/1996;
03/03/1996;
03/04/1996;
03/05/1996;
03/06/1996;
03/07/1996;
03/08/1996;
03/09/1996;
03/10/1996;
03/11/1996;
03/12/1996;
03/13/1996;
03/14/1996;
03/15/1996;
03/16/1996;
03/17/1996;
03/18/1996;
03/19/1996;
03/20/1996;
03/21/1996;
03/22/1996;
03/23/1996;
03/24/1996;
03/25/1996;
03/26/1996;
03/27/1996;
03/28/1996;
03/29/1996;
03/30/1996;
03/31/1996;
04/01/1996;
04/02/1996;
04/03/1996;
04/04/1996;
04/05/1996;
04/06/1996;
04/07/1996;
04/08/1996;
04/09/1996;
04/10/1996;
04/11/1996;
04/12/1996;
04/13/1996;
04/14/1996;
04/15/1996;
04/16/1996;
04/17/1996;
04/18/1996;
04/19/1996;
04/20/1996;
04/21/1996;
04/22/1996;
04/23/1996;
04/24/1996;
04/25/1996;
04/26/1996;
04/27/1996;
04/28/1996;
04/29/1996;
04/30/1996;
05/01/1996;
05/02/1996;
05/03/1996;
05/04/1996;
05/05/1996;
05/06/1996;
05/07/1996;
05/08/1996;
05/09/1996;
05/10/1996;
05/11/1996;
05/12/1996;
05/13/1996;
05/14/1996;
05/15/1996;
05/16/1996;
05/17/1996;
05/18/1996;
05/19/1996;
05/20/1996;
05/21/1996;
05/22/1996;
05/23/1996;
05/24/1996;
05/25/1996;
05/26/1996;
05/27/1996;
05/28/1996;
05/29/1996;
05/30/1996;
05/31/1996;
06/01/1996;
06/02/1996;
06/03/1996;
06/04/1996;
06/05/1996;
06/06/1996;
06/07/1996;
06/08/1996;
06/09/1996;
06/10/1996;
06/11/1996;
06/12/1996;
06/13/1996;
06/14/1996;
06/15/1996;
06/16/1996;
06/17/1996;
06/18/1996;
06/19/1996;
06/20/1996;
06/21/1996;
06/22/1996;
06/23/1996;
06/24/1996;
06/25/1996;
06/26/1996;
06/27/1996;
06/28/1996;
06/29/1996;
06/30/1996;
07/01/1996;
07/02/1996;
07/03/1996;
07/04/1996;
07/05/1996;
07/06/1996;
07/07/1996;
07/08/1996;
07/09/1996;
07/10/1996;
07/11/1996;
07/12/1996;
07/13/1996;
07/14/1996;
07/15/1996;
07/16/1996;
07/17/1996;
07/18/1996;
07/19/1996;
07/20/1996;
07/21/1996;
07/22/1996;
07/23/1996;
07/24/1996;
07/25/1996;
07/26/1996;
07/27/1996;
07/28/1996;
07/29/1996;
07/30/1996;
07/31/1996;
08/01/1996;
08/02/1996;
08/03/1996;
08/04/1996;
08/05/1996;
08/06/1996;
08/07/1996;
08/08/1996;
08/09/1996;
08/10/1996;
08/11/1996;
08/12/1996;
08/13/1996;
08/14/1996;
08/15/1996;
08/16/1996;
08/17/1996;
08/18/1996;
08/19/1996;
08/20/1996;
08/21/1996;
08/22/1996;
08/23/1996;
08/24/1996;
08/25/1996;
08/26/1996;
08/27/1996;
08/28/1996;
08/29/1996;
08/30/1996;
08/31/1996;
09/01/1996;
09/02/1996;
09/03/1996;
09/04/1996;
09/05/1996;
09/06/1996;
09/07/1996;
09/08/1996;
09/09/1996;
09/10/1996;
09/11/1996;
09/12/1996;
09/13/1996;
09/14/1996;
09/15/1996;
09/16/1996;
09/17/1996;
09/18/1996;
09/19/1996;
09/20/1996;
09/21/1996;
09/22/1996;
09/23/1996;
09/24/1996;
09/25/1996;
09/26/1996;
09/27/1996;
09/28/1996;
09/29/1996;
09/30/1996;
10/01/1996;
10/02/1996;
10/03/1996;
10/04/1996;
10/05/1996;
10/06/1996;
10/07/1996;
10/08/1996;
10/09/1996;
10/10/1996;
10/11/1996;
10/12/1996;
10/13/1996;
10/14/1996;
10/15/1996;
10/16/1996;
10/17/1996;
10/18/1996;
10/19/1996;
10/20/1996;
10/21/1996;
10/22/1996;
10/23/1996;
10/24/1996;
10/25/1996;
10/26/1996;
10/27/1996;
10/28/1996;
10/29/1996;
10/30/1996;
10/31/1996;
11/01/1996;
11/02/1996;
11/03/1996;
11/04/1996;
11/05/1996;
11/06/1996;
11/07/1996;
11/08/1996;
11/09/1996;
11/10/1996;
11/11/1996;
11/12/1996;
11/13/1996;
11/14/1996;
11/15/1996;
11/16/1996;
11/17/1996;
11/18/1996;
11/19/1996;
11/20/1996;
11/21/1996;
11/22/1996;
11/23/1996;
11/24/1996;
11/25/1996;
11/26/1996;
11/27/1996;
11/28/1996;
11/29/1996;
11/30/1996;
12/01/1996;
12/02/1996;
12/03/1996;
12/04/1996;
12/05/1996;
12/06/1996;
12/07/1996;
12/08/1996;
12/09/1996;
12/10/1996;
12/11/1996;
12/12/1996;
12/13/1996;
12/14/1996;
12/15/1996;
12/16/1996;
12/17/1996;
12/18/1996;
12/19/1996;
12/20/1996;
12/21/1996;
12/22/1996;
12/23/1996;
12/24/1996;
12/25/1996;
12/26/1996;
12/27/1996;
12/28/1996;
12/29/1996;
12/30/1996;
12/31/1996;
01/01/1997;
01/02/1997;
01/03/1997;
01/04/1997;
01/05/1997;
01/06/1997;
01/07/1997;
01/08/1997;
01/09/1997;
01/10/1997;
01/11/1997;
01/12/1997;
01/13/1997;
01/14/1997;
01/15/1997;
01/16/1997;
01/17/1997;
01/18/1997;
01/19/1997;
01/20/1997;
01/21/1997;
01/22/1997;
01/23/1997;
01/24/1997;
01/25/1997;
01/26/1997;
01/27/1997;
01/28/1997;
01/29/1997;
01/30/1997;
01/31/1997;
02/01/1997;
02/02/1997;
02/03/1997;
02/04/1997;
02/05/1997;
02/06/1997;
02/07/1997;
02/08/1997;
02/09/1997;
02/10/1997;
02/11/1997;
02/12/1997;
02/13/1997;
02/14/1997;
02/15/1997;
02/16/1997;
02/17/1997;
02/18/1997;
02/19/1997;
02/20/1997;
02/21/1997;
02/22/1997;
02/23/1997;
02/24/1997;
02/25/1997;
02/26/1997;
02/27/1997;
02/28/1997;
03/01/1997;
03/02/1997;
03/03/1997;
03/04/1997;
03/05/1997;
03/06/1997;
03/07/1997;
03/08/1997;
03/09/1997;
03/10/1997;
03/11/1997;
03/12/1997;
03/13/1997;
03/14/1997;
03/15/1997;
03/16/1997;
03/17/1997;
03/18/1997;
03/19/1997;
03/20/1997;
03/21/1997;
03/22/1997;
03/23/1997;
03/24/1997;
03/25/1997;
03/26/1997;
03/27/1997;
03/28/1997;
03/29/1997;
03/30/1997;
03/31/1997;
04/01/1997;
04/02/1997;
04/03/1997;
04/04/1997;
04/05/1997;
04/06/1997;
04/07/1997;
04/08/1997;
04/09/1997;
04/10/1997;
04/11/1997;
04/12/1997;
04/13/1997;
04/14/1997;
04/15/1997;
04/16/1997;
04/17/1997;
04/18/1997;
04/19/1997;
04/20/1997;
04/21/1997;
04/22/1997;
04/23/1997;
04/24/1997;
04/25/1997;
04/26/1997;
04/27/1997;
04/28/1997;
04/29/1997;
04/30/1997;
05/01/1997;
05/02/1997;
05/03/1997;
05/04/1997;
05/05/1997;
05/06/1997;
05/07/1997;
05/08/1997;
05/09/1997;
05/10/1997;
05/11/1997;
05/12/1997;
05/13/1997;
05/14/1997;
05/15/1997;
05/16/1997;
05/17/1997;
05/18/1997;
05/19/1997;
05/20/1997;
05/21/1997;
05/22/1997;
05/23/1997;
05/24/1997;
05/25/1997;
05/26/1997;
05/27/1997;
05/28/1997;
05/29/1997;
05/30/1997;
05/31/1997;
06/01/1997;
06/02/1997;
06/03/1997;
06/04/1997;
06/05/1997;
06/06/1997;
06/07/1997;
06/08/1997;
06/09/1997;
06/10/1997;
06/11/1997;
06/12/1997;
06/13/1997;
06/14/1997;
06/15/1997;
06/16/1997;
06/17/1997;
06/18/1997;
06/19/1997;
06/20/1997;
06/21/1997;
06/22/1997;
06/23/1997;
06/24/1997;
06/25/1997;
06/26/1997;
06/27/1997;
06/28/1997;
06/29/1997;
06/30/1997;
07/01/1997;
07/02/1997;
07/03/1997;
07/04/1997;
07/05/1997;
07/06/1997;
07/07/1997;
07/08/1997;
07/09/1997;
07/10/1997;
07/11/1997;
07/12/1997;
07/13/1997;
07/14/1997;
07/15/1997;
07/16/1997;
07/17/1997;
07/18/1997;
07/19/1997;
07/20/1997;
07/21/1997;
07/22/1997;
07/23/1997;
07/24/1997;
07/25/1997;
07/26/1997;
07/27/1997;
07/28/1997;
07/29/1997;
07/30/1997;
07/31/1997;
08/01/1997;
08/02/1997;
08/03/1997;
08/04/1997;
08/05/1997;
08/06/1997;
08/07/1997;
08/08/1997;
08/09/1997;
08/10/1997;
08/11/1997;
08/12/1997;
08/13/1997;
08/14/1997;
08/15/1997;
08/16/1997;
08/17/1997;
08/18/1997;
08/19/1997;
08/20/1997;
08/21/1997;
08/22/1997;
08/23/1997;
08/24/1997;
08/25/1997;
08/26/1997;
08/27/1997;
08/28/1997;
08/29/1997;
08/30/1997;
08/31/1997;
09/01/1997;
09/02/1997;
09/03/1997;
09/04/1997;
09/05/1997;
09/06/1997;
09/07/1997;
09/08/1997;
09/09/1997;
09/10/1997;
09/11/1997;
09/12/1997;
09/13/1997;
09/14/1997;
09/15/1997;
09/16/1997;
09/17/1997;
09/18/1997;
09/19/1997;
09/20/1997;
09/21/1997;
09/22/1997;
09/23/1997;
09/24/1997;
09/25/1997;
09/26/1997;
09/27/1997;
09/28/1997;
09/29/1997;
09/30/1997;
10/01/1997;
10/02/1997;
10/03/1997;
10/04/1997;
10/05/1997;
10/06/1997;
10/07/1997;
10/08/1997;
10/09/1997;
10/10/1997;
10/11/1997;
10/12/1997;
10/13/1997;
10/14/1997;
10/15/1997;
10/16/1997;
10/17/1997;
10/18/1997;
10/19/1997;
10/20/1997;
10/21/1997;
10/22/1997;
10/23/1997;
10/24/1997;
10/25/1997;
10/26/1997;
10/27/1997;
10/28/1997;
10/29/1997;
10/30/1997;
10/31/1997;
11/01/1997;
11/02/1997;
11/03/1997;
11/04/1997;
11/05/1997;
11/06/1997;
11/07/1997;
11/08/1997;
11/09/1997;
11/10/1997;
11/11/1997;
11/12/1997;
11/13/1997;
11/14/1997;
11/15/1997;
11/16/1997;
11/17/1997;
11/18/1997;
11/19/1997;
11/20/1997;
11/21/1997;
11/22/1997;
11/23/1997;
11/24/1997;
11/25/1997;
11/26/1997;
11/27/1997;
11/28/1997;
11/29/1997;
11/30/1997;
12/01/1997;
12/02/1997;
12/03/1997;
12/04/1997;
12/05/1997;
12/06/1997;
12/07/1997;
12/08/1997;
12/09/1997;
12/10/1997;
12/11/1997;
12/12/1997;
12/13/1997;
12/14/1997;
12/15/1997;
12/16/1997;
12/17/1997;
12/18/1997;
12/19/1997;
12/20/1997;
12/21/1997;
12/22/1997;
12/23/1997;
12/24/1997;
12/25/1997;
12/26/1997;
12/27/1997;
12/28/1997;
12/29/1997;
12/30/1997;
12/31/1997;
01/01/1998;
01/02/1998;
01/03/1998;
01/04/1998;
01/05/1998;
01/06/1998;
01/07/1998;
01/08/1998;
01/09/1998;
01/10/1998;
01/11/1998;
01/12/1998;
01/13/1998;
01/14/1998;
01/15/1998;
01/16/1998;
01/17/1998;
01/18/1998;
01/19/1998;
01/20/1998;
01/21/1998;
01/22/1998;
01/23/1998;
01/24/1998;
01/25/1998;
01/26/1998;
01/27/1998;
01/28/1998;
01/29/1998;
01/30/1998;
01/31/1998;
02/01/1998;
02/02/1998;
02/03/1998;
02/04/1998;
02/05/1998;
02/06/1998;
02/07/1998;
02/08/1998;
02/09/1998;
02/10/1998;
02/11/1998;
02/12/1998;
02/13/1998;
02/14/1998;
02/15/1998;
02/16/1998;
02/17/1998;
02/18/1998;
02/19/1998;
02/20/1998;
02/21/1998;
02/22/1998;
02/23/1998;
02/24/1998;
02/25/1998;
02/26/1998;
02/27/1998;
02/28/1998;
03/01/1998;
03/02/1998;
03/03/1998;
03/04/1998;
03/05/1998;
03/06/1998;
03/07/1998;
03/08/1998;
03/09/1998;
03/10/1998;
03/11/1998;
03/12/1998;
03/13/1998;
03/14/1998;
03/15/1998;
03/16/1998;
03/17/1998;
03/18/1998;
03/19/1998;
03/20/1998;
03/21/1998;
03/22/1998;
03/23/1998;
03/24/1998;
03/25/1998;
03/26/1998;
03/27/1998;
03/28/1998;
03/29/1998;
03/30/1998;
03/31/1998;
04/01/1998;
04/02/1998;
04/03/1998;
04/04/1998;
04/05/1998;
04/06/1998;
04/07/1998;
04/08/1998;
04/09/1998;
04/10/1998;
04/11/1998;
04/12/1998;
04/13/1998;
04/14/1998;
04/15/1998;
04/16/1998;
04/17/1998;
04/18/1998;
04/19/1998;
04/20/1998;
04/21/1998;
04/22/1998;
04/23/1998;
04/24/1998;
04/25/1998;
04/26/1998;
04/27/1998;
04/28/1998;
04/29/1998;
04/30/1998;
05/01/1998;
05/02/1998;
05/03/1998;
05/04/1998;
05/05/1998;
05/06/1998;
05/07/1998;
05/08/1998;
05/09/1998;
05/10/1998;
05/11/1998;
05/12/1998;
05/13/1998;
05/14/1998;
05/15/1998;
05/16/1998;
05/17/1998;
05/18/1998;
05/19/1998;
05/20/1998;
05/21/1998;
05/22/1998;
05/23/1998;
05/24/1998;
05/25/1998;
05/26/1998;
05/27/1998;
05/28/1998;
05/29/1998;
05/30/1998;
05/31/1998;
06/01/1998;
06/02/1998;
06/03/1998;
06/04/1998;
06/05/1998;
06/06/1998;
06/07/1998;
06/08/1998;
06/09/1998;
06/10/1998;
06/11/1998;
06/12/1998;
06/13/1998;
06/14/1998;
06/15/1998;
06/16/1998;
06/17/1998;
06/18/1998;
06/19/1998;
06/20/1998;
06/21/1998;
06/22/1998;
06/23/1998;
06/24/1998;
06/25/1998;
06/26/1998;
06/27/1998;
06/28/1998;
06/29/1998;
06/30/1998;
07/01/1998;
07/02/1998;
07/03/1998;
07/04/1998;
07/05/1998;
07/06/1998;
07/07/1998;
07/08/1998;
07/09/1998;
07/10/1998;
07/11/1998;
07/12/1998;
07/13/1998;
07/14/1998;
07/15/1998;
07/16/1998;
07/17/1998;
07/18/1998;
07/19/1998;
07/20/1998;
07/21/1998;
07/22/1998;
07/23/1998;
07/24/1998;
07/25/1998;
07/26/1998;
07/27/1998;
07/28/1998;
07/29/1998;
07/30/1998;
07/31/1998;
08/01/1998;
08/02/1998;
08/03/1998;
08/04/1998;
08/05/1998;
08/06/1998;
08/07/1998;
08/08/1998;
08/09/1998;
08/10/1998;
08/11/1998;
08/12/1998;
08/13/1998;
08/14/1998;
08/15/1998;
08/16/1998;
08/17/1998;
08/18/1998;
08/19/1998;
08/20/1998;
08/21/1998;
08/22/1998;
08/23/1998;
08/24/1998;
08/25/1998;
08/26/1998;
08/27/1998;
08/28/1998;
08/29/1998;
08/30/1998;
08/31/1998;
09/01/1998;
09/02/1998;
09/03/1998;
09/04/1998;
09/05/1998;
09/06/1998;
09/07/1998;
09/08/1998;
09/09/1998;
09/10/1998;
09/11/1998;
09/12/1998;
09/13/1998;
09/14/1998;
09/15/1998;
09/16/1998;
09/17/1998;
09/18/1998;
09/19/1998;
09/20/1998;
09/21/1998;
09/22/1998;
09/23/1998;
09/24/1998;
09/25/1998;
09/26/1998;
09/27/1998;
09/28/1998;
09/29/1998;
09/30/1998;
10/01/1998;
10/02/1998;
10/03/1998;
10/04/1998;
10/05/1998;
10/06/1998;
10/07/1998;
10/08/1998;
10/09/1998;
10/10/1998;
10/11/1998;
10/12/1998;
10/13/1998;
10/14/1998;
10/15/1998;
10/16/1998;
10/17/1998;
10/18/1998;
10/19/1998;
10/20/1998;
10/21/1998;
10/22/1998;
10/23/1998;
10/24/1998;
10/25/1998;
10/26/1998;
10/27/1998;
10/28/1998;
10/29/1998;
10/30/1998;
10/31/1998;
11/01/1998;
11/02/1998;
11/03/1998;
11/04/1998;
11/05/1998;
11/06/1998;
11/07/1998;
11/08/1998;
11/09/1998;
11/10/1998;
11/11/1998;
11/12/1998;
11/13/1998;
11/14/1998;
11/15/1998;
11/16/1998;
11/17/1998;
11/18/1998;
11/19/1998;
11/20/1998;
11/21/1998;
11/22/1998;
11/23/1998;
11/24/1998;
11/25/1998;
11/26/1998;
11/27/1998;
11/28/1998;
11/29/1998;
11/30/1998;
12/01/1998;
12/02/1998;
12/03/1998;
12/04/1998;
12/05/1998;
12/06/1998;
12/07/1998;
12/08/1998;
12/09/1998;
12/10/1998;
12/11/1998;
12/12/1998;
12/13/1998;
12/14/1998;
12/15/1998;
12/16/1998;
12/17/1998;
12/18/1998;
12/19/1998;
12/20/1998;
12/21/1998;
12/22/1998;
12/23/1998;
12/24/1998;
12/25/1998;
12/26/1998;
12/27/1998;
12/28/1998;
12/29/1998;
12/30/1998;
12/31/1998;
01/01/1999;
01/02/1999;
01/03/1999;
01/04/1999;
01/05/1999;
01/06/1999;
01/07/1999;
01/08/1999;
01/09/1999;
01/10/1999;
01/11/1999;
01/12/1999;
01/13/1999;
01/14/1999;
01/15/1999;
01/16/1999;
01/17/1999;
01/18/1999;
01/19/1999;
01/20/1999;
01/21/1999;
01/22/1999;
01/23/1999;
01/24/1999;
01/25/1999;
01/26/1999;
01/27/1999;
01/28/1999;
01/29/1999;
01/30/1999;
01/31/1999;
02/01/1999;
02/02/1999;
02/03/1999;
02/04/1999;
02/05/1999;
02/06/1999;
02/07/1999;
02/08/1999;
02/09/1999;
02/10/1999;
02/11/1999;
02/12/1999;
02/13/1999;
02/14/1999;
02/15/1999;
02/16/1999;
02/17/1999;
02/18/1999;
02/19/1999;
02/20/1999;
02/21/1999;
02/22/1999;
02/23/1999;
02/24/1999;
02/25/1999;
02/26/1999;
02/27/1999;
02/28/1999;
03/01/1999;
03/02/1999;
03/03/1999;
03/04/1999;
03/05/1999;
03/06/1999;
03/07/1999;
03/08/1999;
03/09/1999;
03/10/1999;
03/11/1999;
03/12/1999;
03/13/1999;
03/14/1999;
03/15/1999;
03/16/1999;
03/17/1999;
03/18/1999;
03/19/1999;
03/20/1999;
03/21/1999;
03/22/1999;
03/23/1999;
03/24/1999;
03/25/1999;
03/26/1999;
03/27/1999;
03/28/1999;
03/29/1999;
03/30/1999;
03/31/1999;
04/01/1999;
04/02/1999;
04/03/1999;
04/04/1999;
04/05/1999;
04/06/1999;
04/07/1999;
04/08/1999;
04/09/1999;
04/10/1999;
04/11/1999;
04/12/1999;
04/13/1999;
04/14/1999;
04/15/1999;
04/16/1999;
04/17/1999;
04/18/1999;
04/19/1999;
04/20/1999;
04/21/1999;
04/22/1999;
04/23/1999;
04/24/1999;
04/25/1999;
04/26/1999;
04/27/1999;
04/28/1999;
04/29/1999;
04/30/1999;
05/01/1999;
05/02/1999;
05/03/1999;
05/04/1999;
05/05/1999;
05/06/1999;
05/07/1999;
05/08/1999;
05/09/1999;
05/10/1999;
05/11/1999;
05/12/1999;
05/13/1999;
05/14/1999;
05/15/1999;
05/16/1999;
05/17/1999;
05/18/1999;
05/19/1999;
05/20/1999;
05/21/1999;
05/22/1999;
05/23/1999;
05/24/1999;
05/25/1999;
05/26/1999;
05/27/1999;
05/28/1999;
05/29/1999;
05/30/1999;
05/31/1999;
06/01/1999;
06/02/1999;
06/03/1999;
06/04/1999;
06/05/1999;
06/06/1999;
06/07/1999;
06/08/1999;
06/09/1999;
06/10/1999;
06/11/1999;
06/12/1999;
06/13/1999;
06/14/1999;
06/15/1999;
06/16/1999;
06/17/1999;
06/18/1999;
06/19/1999;
06/20/1999;
06/21/1999;
06/22/1999;
06/23/1999;
06/24/1999;
06/25/1999;
06/26/1999;
06/27/1999;
06/28/1999;
06/29/1999;
06/30/1999;
07/01/1999;
07/02/1999;
07/03/1999;
07/04/1999;
07/05/1999;
07/06/1999;
07/07/1999;
07/08/1999;
07/09/1999;
07/10/1999;
07/11/1999;
07/12/1999;
07/13/1999;
07/14/1999;
07/15/1999;
07/16/1999;
07/17/1999;
07/18/1999;
07/19/1999;
07/20/1999;
07/21/1999;
07/22/1999;
07/23/1999;
07/24/1999;
07/25/1999;
07/26/1999;
07/27/1999;
07/28/1999;
07/29/1999;
07/30/1999;
07/31/1999;
08/01/1999;
08/02/1999;
08/03/1999;
08/04/1999;
08/05/1999;
08/06/1999;
08/07/1999;
08/08/1999;
08/09/1999;
08/10/1999;
08/11/1999;
08/12/1999;
08/13/1999;
08/14/1999;
08/15/1999;
08/16/1999;
08/17/1999;
08/18/1999;
08/19/1999;
08/20/1999;
08/21/1999;
08/22/1999;
08/23/1999;
08/24/1999;
08/25/1999;
08/26/1999;
08/27/1999;
08/28/1999;
08/29/1999;
08/30/1999;
08/31/1999;
09/01/1999;
09/02/1999;
09/03/1999;
09/04/1999;
09/05/1999;
09/06/1999;
09/07/1999;
09/08/1999;
09/09/1999;
09/10/1999;
09/11/1999;
09/12/1999;
09/13/1999;
09/14/1999;
09/15/1999;
09/16/1999;
09/17/1999;
09/18/1999;
09/19/1999;
09/20/1999;
09/21/1999;
09/22/1999;
09/23/1999;
09/24/1999;
09/25/1999;
09/26/1999;
09/27/1999;
09/28/1999;
09/29/1999;
09/30/1999;
10/01/1999;
10/02/1999;
10/03/1999;
10/04/1999;
10/05/1999;
10/06/1999;
10/07/1999;
10/08/1999;
10/09/1999;
10/10/1999;
10/11/1999;
10/12/1999;
10/13/1999;
10/14/1999;
10/15/1999;
10/16/1999;
10/17/1999;
10/18/1999;
10/19/1999;
10/20/1999;
10/21/1999;
10/22/1999;
10/23/1999;
10/24/1999;
10/25/1999;
10/26/1999;
10/27/1999;
10/28/1999;
10/29/1999;
10/30/1999;
10/31/1999;
11/01/1999;
11/02/1999;
11/03/1999;
11/04/1999;
11/05/1999;
11/06/1999;
11/07/1999;
11/08/1999;
11/09/1999;
11/10/1999;
11/11/1999;
11/12/1999;
11/13/1999;
11/14/1999;
11/15/1999;
11/16/1999;
11/17/1999;
11/18/1999;
11/19/1999;
11/20/1999;
11/21/1999;
11/22/1999;
11/23/1999;
11/24/1999;
11/25/1999;
11/26/1999;
11/27/1999;
11/28/1999;
11/29/1999;
11/30/1999;
12/01/1999;
12/02/1999;
12/03/1999;
12/04/1999;
12/05/1999;
12/06/1999;
12/07/1999;
12/08/1999;
12/09/1999;
12/10/1999;
12/11/1999;
12/12/1999;
12/13/1999;
12/14/1999;
12/15/1999;
12/16/1999;
12/17/1999;
12/18/1999;
12/19/1999;
12/20/1999;
12/21/1999;
12/22/1999;
12/23/1999;
12/24/1999;
12/25/1999;
12/26/1999;
12/27/1999;
12/28/1999;
12/29/1999;
12/30/1999;
12/31/1999;
01/01/2000;
01/02/2000;
01/03/2000;
01/04/2000;
01/05/2000;
01/06/2000;
01/07/2000;
01/08/2000;
01/09/2000;
01/10/2000;
01/11/2000;
01/12/2000;
01/13/2000;
01/14/2000;
01/15/2000;
01/16/2000;
01/17/2000;
01/18/2000;
01/19/2000;
01/20/2000;
01/21/2000;
01/22/2000;
01/23/2000;
01/24/2000;
01/25/2000;
01/26/2000;
01/27/2000;
01/28/2000;
01/29/2000;
01/30/2000;
01/31/2000;
02/01/2000;
02/02/2000;
02/03/2000;
02/04/2000;
02/05/2000;
02/06/2000;
02/07/2000;
02/08/2000;
02/09/2000;
02/10/2000;
02/11/2000;
02/12/2000;
02/13/2000;
02/14/2000;
02/15/2000;
02/16/2000;
02/17/2000;
02/18/2000;
02/19/2000;
02/20/2000;
02/21/2000;
02/22/2000;
02/23/2000;
02/24/2000;
02/25/2000;
02/26/2000;
02/27/2000;
02/28/2000;
02/29/2000;
03/01/2000;
03/02/2000;
03/03/2000;
03/04/2000;
03/05/2000;
03/06/2000;
03/07/2000;
03/08/2000;
03/09/2000;
03/10/2000;
03/11/2000;
03/12/2000;
03/13/2000;
03/14/2000;
03/15/2000;
03/16/2000;
03/17/2000;
03/18/2000;
03/19/2000;
03/20/2000;
03/21/2000;
03/22/2000;
03/23/2000;
03/24/2000;
03/25/2000;
03/26/2000;
03/27/2000;
03/28/2000;
03/29/2000;
03/30/2000;
03/31/2000;
04/01/2000;
04/02/2000;
04/03/2000;
04/04/2000;
04/05/2000;
04/06/2000;
04/07/2000;
04/08/2000;
04/09/2000;
04/10/2000;
04/11/2000;
04/12/2000;
04/13/2000;
04/14/2000;
04/15/2000;
04/16/2000;
04/17/2000;
04/18/2000;
04/19/2000;
04/20/2000;
04/21/2000;
04/22/2000;
04/23/2000;
04/24/2000;
04/25/2000;
04/26/2000;
04/27/2000;
04/28/2000;
04/29/2000;
04/30/2000;
05/01/2000;
05/02/2000;
05/03/2000;
05/04/2000;
05/05/2000;
05/06/2000;
05/07/2000;
05/08/2000;
05/09/2000;
05/10/2000;
05/11/2000;
05/12/2000;
05/13/2000;
05/14/2000;
05/15/2000;
05/16/2000;
05/17/2000;
05/18/2000;
05/19/2000;
05/20/2000;
05/21/2000;
05/22/2000;
05/23/2000;
05/24/2000;
05/25/2000;
05/26/2000;
05/27/2000;
05/28/2000;
05/29/2000;
05/30/2000;
05/31/2000;
06/01/2000;
06/02/2000;
06/03/2000;
06/04/2000;
06/05/2000;
06/06/2000;
06/07/2000;
06/08/2000;
06/09/2000;
06/10/2000;
06/11/2000;
06/12/2000;
06/13/2000;
06/14/2000;
06/15/2000;
06/16/2000;
06/17/2000;
06/18/2000;
06/19/2000;
06/20/2000;
06/21/2000;
06/22/2000;
06/23/2000;
06/24/2000;
06/25/2000;
06/26/2000;
06/27/2000;
06/28/2000;
06/29/2000;
06/30/2000;
07/01/2000;
07/02/2000;
07/03/2000;
07/04/2000;
07/05/2000;
07/06/2000;
07/07/2000;
07/08/2000;
07/09/2000;
07/10/2000;
07/11/2000;
07/12/2000;
07/13/2000;
07/14/2000;
07/15/2000;
07/16/2000;
07/17/2000;
07/18/2000;
07/19/2000;
07/20/2000;
07/21/2000;
07/22/2000;
07/23/2000;
07/24/2000;
07/25/2000;
07/26/2000;
07/27/2000;
07/28/2000;
07/29/2000;
07/30/2000;
07/31/2000;
08/01/2000;
08/02/2000;
08/03/2000;
08/04/2000;
08/05/2000;
08/06/2000;
08/07/2000;
08/08/2000;
08/09/2000;
08/10/2000;
08/11/2000;
08/12/2000;
08/13/2000;
08/14/2000;
08/15/2000;
08/16/2000;
08/17/2000;
08/18/2000;
08/19/2000;
08/20/2000;
08/21/2000;
08/22/2000;
08/23/2000;
08/24/2000;
08/25/2000;
08/26/2000;
08/27/2000;
08/28/2000;
08/29/2000;
08/30/2000;
08/31/2000;
09/01/2000;
09/02/2000;
09/03/2000;
09/04/2000;
09/05/2000;
09/06/2000;
09/07/2000;
09/08/2000;
09/09/2000;
09/10/2000;
09/11/2000;
09/12/2000;
09/13/2000;
09/14/2000;
09/15/2000;
09/16/2000;
09/17/2000;
09/18/2000;
09/19/2000;
09/20/2000;
09/21/2000;
09/22/2000;
09/23/2000;
09/24/2000;
09/25/2000;
09/26/2000;
09/27/2000;
09/28/2000;
09/29/2000;
09/30/2000;
10/01/2000;
10/02/2000;
10/03/2000;
10/04/2000;
10/05/2000;
10/06/2000;
10/07/2000;
10/08/2000;
10/09/2000;
10/10/2000;
10/11/2000;
10/12/2000;
10/13/2000;
10/14/2000;
10/15/2000;
10/16/2000;
10/17/2000;
10/18/2000;
10/19/2000;
10/20/2000;
10/21/2000;
10/22/2000;
10/23/2000;
10/24/2000;
10/25/2000;
10/26/2000;
10/27/2000;
10/28/2000;
10/29/2000;
10/30/2000;
10/31/2000;
11/01/2000;
11/02/2000;
11/03/2000;
11/04/2000;
11/05/2000;
11/06/2000;
11/07/2000;
11/08/2000;
11/09/2000;
11/10/2000;
11/11/2000;
11/12/2000;
11/13/2000;
11/14/2000;
11/15/2000;
11/16/2000;
11/17/2000;
11/18/2000;
11/19/2000;
11/20/2000;
11/21/2000;
11/22/2000;
11/23/2000;
11/24/2000;
11/25/2000;
11/26/2000;
11/27/2000;
11/28/2000;
11/29/2000;
11/30/2000;
12/01/2000;
12/02/2000;
12/03/2000;
12/04/2000;
12/05/2000;
12/06/2000;
12/07/2000;
12/08/2000;
12/09/2000;
12/10/2000;
12/11/2000;
12/12/2000;
12/13/2000;
12/14/2000;
12/15/2000;
12/16/2000;
12/17/2000;
12/18/2000;
12/19/2000;
12/20/2000;
12/21/2000;
12/22/2000;
12/23/2000;
12/24/2000;
12/25/2000;
12/26/2000;
12/27/2000;
12/28/2000;
12/29/2000;
12/30/2000;
12/31/2000;
01/01/2001;
01/02/2001;
01/03/2001;
01/04/2001;
01/05/2001;
01/06/2001;
01/07/2001;
01/08/2001;
01/09/2001;
01/10/2001;
01/11/2001;
01/12/2001;
01/13/2001;
01/14/2001;
01/15/2001;
01/16/2001;
01/17/2001;
01/18/2001;
01/19/2001;
01/20/2001;
01/21/2001;
01/22/2001;
01/23/2001;
01/24/2001;
01/25/2001;
01/26/2001;
01/27/2001;
01/28/2001;
01/29/2001;
01/30/2001;
01/31/2001;
02/01/2001;
02/02/2001;
02/03/2001;
02/04/2001;
02/05/2001;
02/06/2001;
02/07/2001;
02/08/2001;
02/09/2001;
02/10/2001;
02/11/2001;
02/12/2001;
02/13/2001;
02/14/2001;
02/15/2001;
02/16/2001;
02/17/2001;
02/18/2001;
02/19/2001;
02/20/2001;
02/21/2001;
02/22/2001;
02/23/2001;
02/24/2001;
02/25/2001;
02/26/2001;
02/27/2001;
02/28/2001;
03/01/2001;
03/02/2001;
03/03/2001;
03/04/2001;
03/05/2001;
03/06/2001;
03/07/2001;
03/08/2001;
03/09/2001;
03/10/2001;
03/11/2001;
03/12/2001;
03/13/2001;
03/14/2001;
03/15/2001;
03/16/2001;
03/17/2001;
03/18/2001;
03/19/2001;
03/20/2001;
03/21/2001;
03/22/2001;
03/23/2001;
03/24/2001;
03/25/2001;
03/26/2001;
03/27/2001;
03/28/2001;
03/29/2001;
03/30/2001;
03/31/2001;
04/01/2001;
04/02/2001;
04/03/2001;
04/04/2001;
04/05/2001;
04/06/2001;
04/07/2001;
04/08/2001;
04/09/2001;
04/10/2001;
04/11/2001;
04/12/2001;
04/13/2001;
04/14/2001;
04/15/2001;
04/16/2001;
04/17/2001;
04/18/2001;
04/19/2001;
04/20/2001;
04/21/2001;
04/22/2001;
04/23/2001;
04/24/2001;
04/25/2001;
04/26/2001;
04/27/2001;
04/28/2001;
04/29/2001;
04/30/2001;
05/01/2001;
05/02/2001;
05/03/2001;
05/04/2001;
05/05/2001;
05/06/2001;
05/07/2001;
05/08/2001;
05/09/2001;
05/10/2001;
05/11/2001;
05/12/2001;
05/13/2001;
05/14/2001;
05/15/2001;
05/16/2001;
05/17/2001;
05/18/2001;
05/19/2001;
05/20/2001;
05/21/2001;
05/22/2001;
05/23/2001;
05/24/2001;
05/25/2001;
05/26/2001;
05/27/2001;
05/28/2001;
05/29/2001;
05/30/2001;
05/31/2001;
06/01/2001;
06/02/2001;
06/03/2001;
06/04/2001;
06/05/2001;
06/06/2001;
06/07/2001;
06/08/2001;
06/09/2001;
06/10/2001;
06/11/2001;
06/12/2001;
06/13/2001;
06/14/2001;
06/15/2001;
06/16/2001;
06/17/2001;
06/18/2001;
06/19/2001;
06/20/2001;
06/21/2001;
06/22/2001;
06/23/2001;
06/24/2001;
06/25/2001;
06/26/2001;
06/27/2001;
06/28/2001;
06/29/2001;
06/30/2001;
07/01/2001;
07/02/2001;
07/03/2001;
07/04/2001;
07/05/2001;
07/06/2001;
07/07/2001;
07/08/2001;
07/09/2001;
07/10/2001;
07/11/2001;
07/12/2001;
07/13/2001;
07/14/2001;
07/15/2001;
07/16/2001;
07/17/2001;
07/18/2001;
07/19/2001;
07/20/2001;
07/21/2001;
07/22/2001;
07/23/2001;
07/24/2001;
07/25/2001;
07/26/2001;
07/27/2001;
07/28/2001;
07/29/2001;
07/30/2001;
07/31/2001;
08/01/2001;
08/02/2001;
08/03/2001;
08/04/2001;
08/05/2001;
08/06/2001;
08/07/2001;
08/08/2001;
08/09/2001;
08/10/2001;
08/11/2001;
08/12/2001;
08/13/2001;
08/14/2001;
08/15/2001;
08/16/2001;
08/17/2001;
08/18/2001;
08/19/2001;
08/20/2001;
08/21/2001;
08/22/2001;
08/23/2001;
08/24/2001;
08/25/2001;
08/26/2001;
08/27/2001;
08/28/2001;
08/29/2001;
08/30/2001;
08/31/2001;
09/01/2001;
09/02/2001;
09/03/2001;
09/04/2001;
09/05/2001;
09/06/2001;
09/07/2001;
09/08/2001;
09/09/2001;
09/10/2001;
09/11/2001;
09/12/2001;
09/13/2001;
09/14/2001;
09/15/2001;
09/16/2001;
09/17/2001;
09/18/2001;
09/19/2001;
09/20/2001;
09/21/2001;
09/22/2001;
09/23/2001;
09/24/2001;
09/25/2001;
09/26/2001;
09/27/2001;
09/28/2001;
09/29/2001;
09/30/2001;
10/01/2001;
10/02/2001;
10/03/2001;
10/04/2001;
10/05/2001;
10/06/2001;
10/07/2001;
10/08/2001;
10/09/2001;
10/10/2001;
10/11/2001;
10/12/2001;
10/13/2001;
10/14/2001;
10/15/2001;
10/16/2001;
10/17/2001;
10/18/2001;
10/19/2001;
10/20/2001;
10/21/2001;
10/22/2001;
10/23/2001;
10/24/2001;
10/25/2001;
10/26/2001;
10/27/2001;
10/28/2001;
10/29/2001;
10/30/2001;
10/31/2001;
11/01/2001;
11/02/2001;
11/03/2001;
11/04/2001;
11/05/2001;
11/06/2001;
11/07/2001;
11/08/2001;
11/09/2001;
11/10/2001;
11/11/2001;
11/12/2001;
11/13/2001;
11/14/2001;
11/15/2001;
11/16/2001;
11/17/2001;
11/18/2001;
11/19/2001;
11/20/2001;
11/21/2001;
11/22/2001;
11/23/2001;
11/24/2001;
11/25/2001;
11/26/2001;
11/27/2001;
11/28/2001;
11/29/2001;
11/30/2001;
12/01/2001;
12/02/2001;
12/03/2001;
12/04/2001;
12/05/2001;
12/06/2001;
12/07/2001;
12/08/2001;
12/09/2001;
12/10/2001;
12/11/2001;
12/12/2001;
12/13/2001;
12/14/2001;
12/15/2001;
12/16/2001;
12/17/2001;
12/18/2001;
12/19/2001;
12/20/2001;
12/21/2001;
12/22/2001;
12/23/2001;
12/24/2001;
12/25/2001;
12/26/2001;
12/27/2001;
12/28/2001;
12/29/2001;
12/30/2001;
12/31/2001;
01/01/2002;
01/02/2002;
01/03/2002;
01/04/2002;
01/05/2002;
01/06/2002;
01/07/2002;
01/08/2002;
01/09/2002;
01/10/2002;
01/11/2002;
01/12/2002;
01/13/2002;
01/14/2002;
01/15/2002;
01/16/2002;
01/17/2002;
01/18/2002;
01/19/2002;
01/20/2002;
01/21/2002;
01/22/2002;
01/23/2002;
01/24/2002;
01/25/2002;
01/26/2002;
01/27/2002;
01/28/2002;
01/29/2002;
01/30/2002;
01/31/2002;
02/01/2002;
02/02/2002;
02/03/2002;
02/04/2002;
02/05/2002;
02/06/2002;
02/07/2002;
02/08/2002;
02/09/2002;
02/10/2002;
02/11/2002;
02/12/2002;
02/13/2002;
02/14/2002;
02/15/2002;
02/16/2002;
02/17/2002;
02/18/2002;
02/19/2002;
02/20/2002;
02/21/2002;
02/22/2002;
02/23/2002;
02/24/2002;
02/25/2002;
02/26/2002;
02/27/2002;
02/28/2002;
03/01/2002;
03/02/2002;
03/03/2002;
03/04/2002;
03/05/2002;
03/06/2002;
03/07/2002;
03/08/2002;
03/09/2002;
03/10/2002;
03/11/2002;
03/12/2002;
03/13/2002;
03/14/2002;
03/15/2002;
03/16/2002;
03/17/2002;
03/18/2002;
03/19/2002;
03/20/2002;
03/21/2002;
03/22/2002;
03/23/2002;
03/24/2002;
03/25/2002;
03/26/2002;
03/27/2002;
03/28/2002;
03/29/2002;
03/30/2002;
03/31/2002;
04/01/2002;
04/02/2002;
04/03/2002;
04/04/2002;
04/05/2002;
04/06/2002;
04/07/2002;
04/08/2002;
04/09/2002;
04/10/2002;
04/11/2002;
04/12/2002;
04/13/2002;
04/14/2002;
04/15/2002;
04/16/2002;
04/17/2002;
04/18/2002;
04/19/2002;
04/20/2002;
04/21/2002;
04/22/2002;
04/23/2002;
04/24/2002;
04/25/2002;
04/26/2002;
04/27/2002;
04/28/2002;
04/29/2002;
04/30/2002;
05/01/2002;
05/02/2002;
05/03/2002;
05/04/2002;
05/05/2002;
05/06/2002;
05/07/2002;
05/08/2002;
05/09/2002;
05/10/2002;
05/11/2002;
05/12/2002;
05/13/2002;
05/14/2002;
05/15/2002;
05/16/2002;
05/17/2002;
05/18/2002;
05/19/2002;
05/20/2002;
05/21/2002;
05/22/2002;
05/23/2002;
05/24/2002;
05/25/2002;
05/26/2002;
05/27/2002;
05/28/2002;
05/29/2002;
05/30/2002;
05/31/2002;
06/01/2002;
06/02/2002;
06/03/2002;
06/04/2002;
06/05/2002;
06/06/2002;
06/07/2002;
06/08/2002;
06/09/2002;
06/10/2002;
06/11/2002;
06/12/2002;
06/13/2002;
06/14/2002;
06/15/2002;
06/16/2002;
06/17/2002;
06/18/2002;
06/19/2002;
06/20/2002;
06/21/2002;
06/22/2002;
06/23/2002;
06/24/2002;
06/25/2002;
06/26/2002;
06/27/2002;
06/28/2002;
06/29/2002;
06/30/2002;
07/01/2002;
07/02/2002;
07/03/2002;
07/04/2002;
07/05/2002;
07/06/2002;
07/07/2002;
07/08/2002;
07/09/2002;
07/10/2002;
07/11/2002;
07/12/2002;
07/13/2002;
07/14/2002;
07/15/2002;
07/16/2002;
07/17/2002;
07/18/2002;
07/19/2002;
07/20/2002;
07/21/2002;
07/22/2002;
07/23/2002;
07/24/2002;
07/25/2002;
07/26/2002;
07/27/2002;
07/28/2002;
07/29/2002;
07/30/2002;
07/31/2002;
08/01/2002;
08/02/2002;
08/03/2002;
08/04/2002;
08/05/2002;
08/06/2002;
08/07/2002;
08/08/2002;
08/09/2002;
08/10/2002;
08/11/2002;
08/12/2002;
08/13/2002;
08/14/2002;
08/15/2002;
08/16/2002;
08/17/2002;
08/18/2002;
08/19/2002;
08/20/2002;
08/21/2002;
08/22/2002;
08/23/2002;
08/24/2002;
08/25/2002;
08/26/2002;
08/27/2002;
08/28/2002;
08/29/2002;
08/30/2002;
08/31/2002;
09/01/2002;
09/02/2002;
09/03/2002;
09/04/2002;
09/05/2002;
09/06/2002;
09/07/2002;
09/08/2002;
09/09/2002;
09/10/2002;
09/11/2002;
09/12/2002;
09/13/2002;
09/14/2002;
09/15/2002;
09/16/2002;
09/17/2002;
09/18/2002;
09/19/2002;
09/20/2002;
09/21/2002;
09/22/2002;
09/23/2002;
09/24/2002;
09/25/2002;
09/26/2002;
09/27/2002;
09/28/2002;
09/29/2002;
09/30/2002;
10/01/2002;
10/02/2002;
10/03/2002;
10/04/2002;
10/05/2002;
10/06/2002;
10/07/2002;
10/08/2002;
10/09/2002;
10/10/2002;
10/11/2002;
10/12/2002;
10/13/2002;
10/14/2002;
10/15/2002;
10/16/2002;
10/17/2002;
10/18/2002;
10/19/2002;
10/20/2002;
10/21/2002;
10/22/2002;
10/23/2002;
10/24/2002;
10/25/2002;
10/26/2002;
10/27/2002;
10/28/2002;
10/29/2002;
10/30/2002;
10/31/2002;
11/01/2002;
11/02/2002;
11/03/2002;
11/04/2002;
11/05/2002;
11/06/2002;
11/07/2002;
11/08/2002;
11/09/2002;
11/10/2002;
11/11/2002;
11/12/2002;
11/13/2002;
11/14/2002;
11/15/2002;
11/16/2002;
11/17/2002;
11/18/2002;
11/19/2002;
11/20/2002;
11/21/2002;
11/22/2002;
11/23/2002;
11/24/2002;
11/25/2002;
11/26/2002;
11/27/2002;
11/28/2002;
11/29/2002;
11/30/2002;
12/01/2002;
12/02/2002;
12/03/2002;
12/04/2002;
12/05/2002;
12/06/2002;
12/07/2002;
12/08/2002;
12/09/2002;
12/10/2002;
12/11/2002;
12/12/2002;
12/13/2002;
12/14/2002;
12/15/2002;
12/16/2002;
12/17/2002;
12/18/2002;
12/19/2002;
12/20/2002;
12/21/2002;
12/22/2002;
12/23/2002;
12/24/2002;
12/25/2002;
12/26/2002;
12/27/2002;
12/28/2002;
12/29/2002;
12/30/2002;
12/31/2002;
01/01/2003;
01/02/2003;
01/03/2003;
01/04/2003;
01/05/2003;
01/06/2003;
01/07/2003;
01/08/2003;
01/09/2003;
01/10/2003;
01/11/2003;
01/12/2003;
01/13/2003;
01/14/2003;
01/15/2003;
01/16/2003;
01/17/2003;
01/18/2003;
01/19/2003;
01/20/2003;
01/21/2003;
01/22/2003;
01/23/2003;
01/24/2003;
01/25/2003;
01/26/2003;
01/27/2003;
01/28/2003;
01/29/2003;
01/30/2003;
01/31/2003;
02/01/2003;
02/02/2003;
02/03/2003;
02/04/2003;
02/05/2003;
02/06/2003;
02/07/2003;
02/08/2003;
02/09/2003;
02/10/2003;
02/11/2003;
02/12/2003;
02/13/2003;
02/14/2003;
02/15/2003;
02/16/2003;
02/17/2003;
02/18/2003;
02/19/2003;
02/20/2003;
02/21/2003;
02/22/2003;
02/23/2003;
02/24/2003;
02/25/2003;
02/26/2003;
02/27/2003;
02/28/2003;
03/01/2003;
03/02/2003;
03/03/2003;
03/04/2003;
03/05/2003;
03/06/2003;
03/07/2003;
03/08/2003;
03/09/2003;
03/10/2003;
03/11/2003;
03/12/2003;
03/13/2003;
03/14/2003;
03/15/2003;
03/16/2003;
03/17/2003;
03/18/2003;
03/19/2003;
03/20/2003;
03/21/2003;
03/22/2003;
03/23/2003;
03/24/2003;
03/25/2003;
03/26/2003;
03/27/2003;
03/28/2003;
03/29/2003;
03/30/2003;
03/31/2003;
04/01/2003;
04/02/2003;
04/03/2003;
04/04/2003;
04/05/2003;
04/06/2003;
04/07/2003;
04/08/2003;
04/09/2003;
04/10/2003;
04/11/2003;
04/12/2003;
04/13/2003;
04/14/2003;
04/15/2003;
04/16/2003;
04/17/2003;
04/18/2003;
04/19/2003;
04/20/2003;
04/21/2003;
04/22/2003;
04/23/2003;
04/24/2003;
04/25/2003;
04/26/2003;
04/27/2003;
04/28/2003;
04/29/2003;
04/30/2003;
05/01/2003;
05/02/2003;
05/03/2003;
05/04/2003;
05/05/2003;
05/06/2003;
05/07/2003;
05/08/2003;
05/09/2003;
05/10/2003;
05/11/2003;
05/12/2003;
05/13/2003;
05/14/2003;
05/15/2003;
05/16/2003;
05/17/2003;
05/18/2003;
05/19/2003;
05/20/2003;
05/21/2003;
05/22/2003;
05/23/2003;
05/24/2003;
05/25/2003;
05/26/2003;
05/27/2003;
05/28/2003;
05/29/2003;
05/30/2003;
05/31/2003;
06/01/2003;
06/02/2003;
06/03/2003;
06/04/2003;
06/05/2003;
06/06/2003;
06/07/2003;
06/08/2003;
06/09/2003;
06/10/2003;
06/11/2003;
06/12/2003;
06/13/2003;
06/14/2003;
06/15/2003;
06/16/2003;
06/17/2003;
06/18/2003;
06/19/2003;
06/20/2003;
06/21/2003;
06/22/2003;
06/23/2003;
06/24/2003;
06/25/2003;
06/26/2003;
06/27/2003;
06/28/2003;
06/29/2003;
06/30/2003;
07/01/2003;
07/02/2003;
07/03/2003;
07/04/2003;
07/05/2003;
07/06/2003;
07/07/2003;
07/08/2003;
07/09/2003;
07/10/2003;
07/11/2003;
07/12/2003;
07/13/2003;
07/14/2003;
07/15/2003;
07/16/2003;
07/17/2003;
07/18/2003;
07/19/2003;
07/20/2003;
07/21/2003;
07/22/2003;
07/23/2003;
07/24/2003;
07/25/2003;
07/26/2003;
07/27/2003;
07/28/2003;
07/29/2003;
07/30/2003;
07/31/2003;
08/01/2003;
08/02/2003;
08/03/2003;
08/04/2003;
08/05/2003;
08/06/2003;
08/07/2003;
08/08/2003;
08/09/2003;
08/10/2003;
08/11/2003;
08/12/2003;
08/13/2003;
08/14/2003;
08/15/2003;
08/16/2003;
08/17/2003;
08/18/2003;
08/19/2003;
08/20/2003;
08/21/2003;
08/22/2003;
08/23/2003;
08/24/2003;
08/25/2003;
08/26/2003;
08/27/2003;
08/28/2003;
08/29/2003;
08/30/2003;
08/31/2003;
09/01/2003;
09/02/2003;
09/03/2003;
09/04/2003;
09/05/2003;
09/06/2003;
09/07/2003;
09/08/2003;
09/09/2003;
09/10/2003;
09/11/2003;
09/12/2003;
09/13/2003;
09/14/2003;
09/15/2003;
09/16/2003;
09/17/2003;
09/18/2003;
09/19/2003;
09/20/2003;
09/21/2003;
09/22/2003;
09/23/2003;
09/24/2003;
09/25/2003;
09/26/2003;
09/27/2003;
09/28/2003;
09/29/2003;
09/30/2003;
10/01/2003;
10/02/2003;
10/03/2003;
10/04/2003;
10/05/2003;
10/06/2003;
10/07/2003;
10/08/2003;
10/09/2003;
10/10/2003;
10/11/2003;
10/12/2003;
10/13/2003;
10/14/2003;
10/15/2003;
10/16/2003;
10/17/2003;
10/18/2003;
10/19/2003;
10/20/2003;
10/21/2003;
10/22/2003;
10/23/2003;
10/24/2003;
10/25/2003;
10/26/2003;
10/27/2003;
10/28/2003;
10/29/2003;
10/30/2003;
10/31/2003;
11/01/2003;
11/02/2003;
11/03/2003;
11/04/2003;
11/05/2003;
11/06/2003;
11/07/2003;
11/08/2003;
11/09/2003;
11/10/2003;
11/11/2003;
11/12/2003;
11/13/2003;
11/14/2003;
11/15/2003;
11/16/2003;
11/17/2003;
11/18/2003;
11/19/2003;
11/20/2003;
11/21/2003;
11/22/2003;
11/23/2003;
11/24/2003;
11/25/2003;
11/26/2003;
11/27/2003;
11/28/2003;
11/29/2003;
11/30/2003;
12/01/2003;
12/02/2003;
12/03/2003;
12/04/2003;
12/05/2003;
12/06/2003;
12/07/2003;
12/08/2003;
12/09/2003;
12/10/2003;
12/11/2003;
12/12/2003;
12/13/2003;
12/14/2003;
12/15/2003;
12/16/2003;
12/17/2003;
12/18/2003;
12/19/2003;
12/20/2003;
12/21/2003;
12/22/2003;
12/23/2003;
12/24/2003;
12/25/2003;
12/26/2003;
12/27/2003;
12/28/2003;
12/29/2003;
12/30/2003;
12/31/2003;
01/01/2004;45,40032738
01/02/2004;67,96725314
01/03/2004;66,6596984
01/04/2004;25,49515954
01/05/2004;21,36248654
01/06/2004;23,34016183
01/07/2004;22,80367201
01/08/2004;33,45056392
01/09/2004;32,21298488
01/10/2004;29,79400314
01/11/2004;21,67094769
01/12/2004;18,97914404
01/13/2004;23,16397626
01/14/2004;36,03241949
01/15/2004;45,51499754
01/16/2004;18,77770455
01/17/2004;43,45302631
01/18/2004;66,33103618
01/19/2004;39,32436082
01/20/2004;28,44455795
01/21/2004;29,4906827
01/22/2004;30,27988612
01/23/2004;25,77635762
01/24/2004;30,66908823
01/25/2004;38,49935114
01/26/2004;35,3092725
01/27/2004;52,74454775
01/28/2004;62,15896034
01/29/2004;35,5150206
01/30/2004;33,67295604
01/31/2004;37,79646586
02/01/2004;45,23728049
02/02/2004;34,54548368
02/03/2004;41,17083277
02/04/2004;40,31879493
02/05/2004;39,36305177
02/06/2004;43,22541989
02/07/2004;39,31971933
02/08/2004;37,6112848
02/09/2004;34,03003544
02/10/2004;34,36593104
02/11/2004;35,83455837
02/12/2004;36,60058295
02/13/2004;58,69130476
02/14/2004;69,33476543
02/15/2004;57,61490489
02/16/2004;39,8663663
02/17/2004;45,55927628
02/18/2004;43,94011025
02/19/2004;45,71534296
02/20/2004;51,11155493
02/21/2004;24,69820817
02/22/2004;66,76690635
02/23/2004;58,67686653
02/24/2004;23,59064074
02/25/2004;42,41476318
02/26/2004;29,64641479
02/27/2004;46,78429629
02/28/2004;70,90344403
02/29/2004;67,94361645
03/01/2004;61,06006758
03/02/2004;58,69090621
03/03/2004;51,03432629
03/04/2004;38,86165356
03/05/2004;20,73539679
03/06/2004;56,85315039
03/07/2004;69,91747309
03/08/2004;54,8445766
03/09/2004;47,45074768
03/10/2004;33,44169839
03/11/2004;41,028707
03/12/2004;61,11729288
03/13/2004;38,59377133
03/14/2004;53,80538595
03/15/2004;71,55828917
03/16/2004;74,65969706
03/17/2004;59,25161794
03/18/2004;53,44735228
03/19/2004;60,1013228
03/20/2004;58,56625254
03/21/2004;77,57238606
03/22/2004;61,97019184
03/23/2004;71,48937775
03/24/2004;42,05558253
03/25/2004;47,85342764
03/26/2004;51,1834106
03/27/2004;52,22961947
03/28/2004;70,43933379
03/29/2004;92,24144719
03/30/2004;40,57401257
03/31/2004;64,74834962
04/01/2004;60,34874433
04/02/2004;69,50703806
04/03/2004;70,42838503
04/04/2004;88,33096551
04/05/2004;58,00714956
04/06/2004;75,2347321
04/07/2004;68,7305856
04/08/2004;66,46938888
04/09/2004;77,52007417
04/10/2004;75,98931093
04/11/2004;89,15716258
04/12/2004;74,07372427
04/13/2004;72,25056455
04/14/2004;67,68963034
04/15/2004;87,37274178
04/16/2004;75,94092429
04/17/2004;70,87508947
04/18/2004;70,20006009
04/19/2004;84,96229776
04/20/2004;55,30124871
04/21/2004;63,28445162
04/22/2004;63,26311042
04/23/2004;57,75437618
04/24/2004;79,28642159
04/25/2004;98,03689761
04/26/2004;78,33858089
04/27/2004;74,7126259
04/28/2004;74,29620534
04/29/2004;71,65390284
04/30/2004;69,35112745
05/01/2004;67,12686549
05/02/2004;63,09346943
05/03/2004;58,7143941
05/04/2004;45,08687586
05/05/2004;61,22696353
05/06/2004;70,5254012
05/07/2004;63,03788133
05/08/2004;73,26397929
05/09/2004;74,212381
05/10/2004;67,58560817
05/11/2004;65,58491617
05/12/2004;43,97688186
05/13/2004;61,93462388
05/14/2004;75,84385614
05/15/2004;78,37444603
05/16/2004;94,66141103
05/17/2004;75,28492347
05/18/2004;85,00096692
05/19/2004;67,86194422
05/20/2004;75,85050832
05/21/2004;77,84236638
05/22/2004;77,15120875
05/23/2004;84,4542784
05/24/2004;72,88292508
05/25/2004;67,60502359
05/26/2004;65,00002066
05/27/2004;61,51022536
05/28/2004;63,22915734
05/29/2004;78,14220215
05/30/2004;87,07391136
05/31/2004;71,18331215
06/01/2004;68,00176961
06/02/2004;61,69170601
06/03/2004;70,23917459
06/04/2004;67,33577843
06/05/2004;106,141462
06/06/2004;96,90339507
06/07/2004;79,28411808
06/08/2004;70,07463569
06/09/2004;61,42594828
06/10/2004;63,46474963
06/11/2004;72,40260449
06/12/2004;80,71427517
06/13/2004;80,58731393
06/14/2004;50,97900898
06/15/2004;81,24482308
06/16/2004;68,38738499
06/17/2004;76,26347015
06/18/2004;91,61163778
06/19/2004;96,80175478
06/20/2004;73,2844219
06/21/2004;55,20709369
06/22/2004;62,58028609
06/23/2004;73,14379434
06/24/2004;63,35479105
06/25/2004;65,24036552
06/26/2004;66,33583222
06/27/2004;69,04133578
06/28/2004;56,63710995
06/29/2004;64,55738438
06/30/2004;72,07281397
07/01/2004;62,27410761
07/02/2004;63,28593529
07/03/2004;71,7114413
07/04/2004;73,90527544
07/05/2004;69,94413625
07/06/2004;74,54635433
07/07/2004;62,93073362
07/08/2004;67,04093482
07/09/2004;64,88176739
07/10/2004;68,9858797
07/11/2004;70,20058781
07/12/2004;53,96728902
07/13/2004;54,19867024
07/14/2004;53,55610237
07/15/2004;61,36203275
07/16/2004;66,87769541
07/17/2004;75,61859316
07/18/2004;77,93474582
07/19/2004;61,12484818
07/20/2004;60,51648825
07/21/2004;52,96705819
07/22/2004;48,29471332
07/23/2004;47,72427202
07/24/2004;59,9645888
07/25/2004;60,52133622
07/26/2004;71,02076908
07/27/2004;76,07894039
07/28/2004;70,03351183
07/29/2004;70,34686759
07/30/2004;64,20556365
07/31/2004;79,62624575
08/01/2004;91,19453597
08/02/2004;65,23281653
08/03/2004;65,90021114
08/04/2004;78,31482166
08/05/2004;68,54441372
08/06/2004;54,33660711
08/07/2004;61,38535599
08/08/2004;65,93482947
08/09/2004;43,80329532
08/10/2004;65,26286188
08/11/2004;77,8614162
08/12/2004;52,04556308
08/13/2004;58,84189697
08/14/2004;60,52159396
08/15/2004;63,39559091
08/16/2004;66,0503463
08/17/2004;52,64424984
08/18/2004;54,88676867
08/19/2004;46,00312944
08/20/2004;
08/21/2004;65,1581704
08/22/2004;59,47150904
08/23/2004;52,47116634
08/24/2004;47,4865016
08/25/2004;47,63636195
08/26/2004;58,13865432
08/27/2004;55,3206046
08/28/2004;58,35260604
08/29/2004;62,547595
08/30/2004;49,38538161
08/31/2004;54,4941821
09/01/2004;53,79463797
09/02/2004;53,97941685
09/03/2004;67,11601091
09/04/2004;56,91147154
09/05/2004;55,19352657
09/06/2004;45,63675984
09/07/2004;57,98875363
09/08/2004;64,05517723
09/09/2004;53,25415907
09/10/2004;51,56749834
09/11/2004;48,14416319
09/12/2004;59,55960781
09/13/2004;43,82753512
09/14/2004;39,60188287
09/15/2004;43,33691437
09/16/2004;46,45430758
09/17/2004;52,89382326
09/18/2004;68,20183776
09/19/2004;68,39484965
09/20/2004;46,5353258
09/21/2004;49,26557092
09/22/2004;49,72116723
09/23/2004;61,0806521
09/24/2004;56,91056405
09/25/2004;59,03770961
09/26/2004;70,36857208
09/27/2004;46,88841588
09/28/2004;50,47542331
09/29/2004;51,49898262
09/30/2004;48,65194758
10/01/2004;45,06937855
10/02/2004;54,57536249
10/03/2004;60,66984856
10/04/2004;51,68035335
10/05/2004;45,73831557
10/06/2004;41,55850926
10/07/2004;36,96847068
10/08/2004;35,80053898
10/09/2004;47,86621909
10/10/2004;53,94958037
10/11/2004;46,68105871
10/12/2004;50,51379015
10/13/2004;43,67943174
10/14/2004;55,97240689
10/15/2004;47,4142004
10/16/2004;60,61733104
10/17/2004;58,87476421
10/18/2004;38,57364725
10/19/2004;28,30921437
10/20/2004;30,17514898
10/21/2004;31,69772031
10/22/2004;33,10409601
10/23/2004;37,87606326
10/24/2004;43,54225376
10/25/2004;34,08274603
10/26/2004;45,58877128
10/27/2004;24,85315896
10/28/2004;48,06057924
10/29/2004;42,54346454
10/30/2004;52,0777651
10/31/2004;46,44646691
11/01/2004;47,97673781
11/02/2004;31,49028772
11/03/2004;23,89042858
11/04/2004;34,49843715
11/05/2004;32,5367494
11/06/2004;31,00090475
11/07/2004;22,98673474
11/08/2004;29,76047217
11/09/2004;41,64282636
11/10/2004;52,65180405
11/11/2004;49,5163992
11/12/2004;39,64644248
11/13/2004;60,68140278
11/14/2004;48,28159992
11/15/2004;51,08296113
11/16/2004;30,60673984
11/17/2004;34,59860302
11/18/2004;29,12498355
11/19/2004;21,11279461
11/20/2004;33,68021881
11/21/2004;37,34623904
11/22/2004;38,75141736
11/23/2004;26,46204234
11/24/2004;27,20563567
11/25/2004;28,81054827
11/26/2004;27,65060745
11/27/2004;24,47398202
11/28/2004;41,29223399
11/29/2004;17,61172582
11/30/2004;27,06584638
12/01/2004;37,58594435
12/02/2004;44,98762628
12/03/2004;15,8421642
12/04/2004;44,10474271
12/05/2004;38,90994517
12/06/2004;44,49436767
12/07/2004;21,58597892
12/08/2004;42,858624
12/09/2004;18,46229767
12/10/2004;18,55853767
12/11/2004;33,3085168
12/12/2004;38,84159559
12/13/2004;35,88863019
12/14/2004;28,00072017
12/15/2004;40,56954306
12/16/2004;25,41587971
12/17/2004;29,00958033
12/18/2004;29,53667048
12/19/2004;34,25073962
12/20/2004;40,06282596
12/21/2004;23,38206091
12/22/2004;31,34535342
12/23/2004;19,29009636
12/24/2004;18,24874993
12/25/2004;33,6417633
12/26/2004;63,36830636
12/27/2004;55,54715784
12/28/2004;21,69245179
12/29/2004;65,69483003
12/30/2004;26,0801548
12/31/2004;17,62808626
01/01/2005;36,46534968
01/02/2005;23,99941229
01/03/2005;23,61156452
01/04/2005;19,81787581
01/05/2005;21,29862402
01/06/2005;30,37390292
01/07/2005;25,97044813
01/08/2005;29,98096748
01/09/2005;38,35152692
01/10/2005;36,65394996
01/11/2005;25,82910497
01/12/2005;26,29828979
01/13/2005;19,75216742
01/14/2005;19,7107693
01/15/2005;24,19994729
01/16/2005;30,44990711
01/17/2005;29,82506224
01/18/2005;30,03555311
01/19/2005;56,94846925
01/20/2005;47,85888387
01/21/2005;21,18230227
01/22/2005;28,48279631
01/23/2005;40,07143299
01/24/2005;44,44349848
01/25/2005;61,39206557
01/26/2005;59,73260753
01/27/2005;34,94648899
01/28/2005;32,78091633
01/29/2005;47,83097784
01/30/2005;49,03677062
01/31/2005;40,62462918
02/01/2005;31,49089588
02/02/2005;34,67009166
02/03/2005;29,580745
02/04/2005;36,66442279
02/05/2005;40,17024372
02/06/2005;52,33815186
02/07/2005;41,46760739
02/08/2005;41,95463569
02/09/2005;59,1237671
02/10/2005;39,97985008
02/11/2005;27,35698267
02/12/2005;34,26793673
02/13/2005;61,42223526
02/14/2005;70,52142509
02/15/2005;69,19229053
02/16/2005;61,79727474
02/17/2005;46,08421333
02/18/2005;53,29886032
02/19/2005;56,37388331
02/20/2005;62,63716111
02/21/2005;59,01850538
02/22/2005;55,42012799
02/23/2005;21,32347521
02/24/2005;34,02045414
02/25/2005;40,32234311
02/26/2005;56,96019271
02/27/2005;54,78680381
02/28/2005;57,29882997
03/01/2005;67,72893509
03/02/2005;39,78371991
03/03/2005;58,18674055
03/04/2005;46,26196708
03/05/2005;59,00444199
03/06/2005;69,21259817
03/07/2005;61,00820083
03/08/2005;50,99125897
03/09/2005;50,63872769
03/10/2005;59,69757393
03/11/2005;68,31761153
03/12/2005;66,90885229
03/13/2005;82,52025432
03/14/2005;42,46564381
03/15/2005;48,98652404
03/16/2005;53,20443301
03/17/2005;63,05215673
03/18/2005;58,22810268
03/19/2005;77,98339041
03/20/2005;63,57033452
03/21/2005;50,52534043
03/22/2005;59,06248491
03/23/2005;65,32787038
03/24/2005;63,34534815
03/25/2005;66,84172958
03/26/2005;56,56581715
03/27/2005;74,35683634
03/28/2005;67,36344122
03/29/2005;55,16854614
03/30/2005;47,13983589
03/31/2005;62,15575783
04/01/2005;73,54960228
04/02/2005;70,42359462
04/03/2005;77,30140676
04/04/2005;81,90448274
04/05/2005;61,51426884
04/06/2005;59,88653503
04/07/2005;51,68591651
04/08/2005;47,28492863
04/09/2005;77,81242935
04/10/2005;74,77076517
04/11/2005;58,47693651
04/12/2005;
04/13/2005;66,90102788
04/14/2005;75,51225537
04/15/2005;52,05228602
04/16/2005;71,2563311
04/17/2005;74,55031839
04/18/2005;43,70777243
04/19/2005;
04/20/2005;
04/21/2005;
04/22/2005;
04/23/2005;
04/24/2005;
04/25/2005;
04/26/2005;
04/27/2005;
04/28/2005;62,22164864
04/29/2005;63,0563009
04/30/2005;81,39601817
05/01/2005;90,09916232
05/02/2005;55,35650291
05/03/2005;57,81454055
05/04/2005;69,10213405
05/05/2005;59,72867518
05/06/2005;60,84826335
05/07/2005;80,89985742
05/08/2005;82,07029231
05/09/2005;59,07639264
05/10/2005;68,95813378
05/11/2005;75,63573218
05/12/2005;71,98825396
05/13/2005;61,28620158
05/14/2005;75,1061179
05/15/2005;82,63270481
05/16/2005;61,85527466
05/17/2005;60,22807364
05/18/2005;69,28952957
05/19/2005;78,58559055
05/20/2005;72,46425425
05/21/2005;83,48859731
05/22/2005;78,49996973
05/23/2005;58,92679662
05/24/2005;62,0650791
05/25/2005;77,1390264
05/26/2005;76,99296082
05/27/2005;79,12358398
05/28/2005;94,49744525
05/29/2005;87,02918565
05/30/2005;68,57725494
05/31/2005;58,73781005
06/01/2005;73,60436481
06/02/2005;85,32000542
06/03/2005;82,16867266
06/04/2005;77,99280501
06/05/2005;68,37173268
06/06/2005;57,44962797
06/07/2005;66,65096468
06/08/2005;61,63912651
06/09/2005;71,8959902
06/10/2005;80,29966619
06/11/2005;89,3602778
06/12/2005;87,91068418
06/13/2005;67,97117905
06/14/2005;81,22177621
06/15/2005;66,55860915
06/16/2005;81,22562341
06/17/2005;69,58763183
06/18/2005;63,83050767
06/19/2005;81,89038701
06/20/2005;71,02038443
06/21/2005;71,43668561
06/22/2005;77,94724463
06/23/2005;63,91551636
06/24/2005;62,4310567
06/25/2005;74,51959415
06/26/2005;72,5391512
06/27/2005;48,00104958
06/28/2005;53,75924403
06/29/2005;71,46512691
06/30/2005;58,53641431
07/01/2005;55,73905548
07/02/2005;59,8160822
07/03/2005;62,09125535
07/04/2005;48,64719725
07/05/2005;51,26723065
07/06/2005;48,43776842
07/07/2005;54,07172077
07/08/2005;42,71806141
07/09/2005;52,73982524
07/10/2005;67,58515832
07/11/2005;70,90990199
07/12/2005;87,13532893
07/13/2005;79,79872675
07/14/2005;82,85910032
07/15/2005;74,29686694
07/16/2005;72,81273242
07/17/2005;67,44140838
07/18/2005;66,07732117
07/19/2005;54,40221702
07/20/2005;61,53053638
07/21/2005;68,7086974
07/22/2005;61,11523733
07/23/2005;64,55313694
07/24/2005;70,1017755
07/25/2005;49,32781215
07/26/2005;47,41809669
07/27/2005;45,97456771
07/28/2005;39,86978784
07/29/2005;48,72397201
07/30/2005;64,40589775
07/31/2005;53,50976521
08/01/2005;58,83677177
08/02/2005;49,26192528
08/03/2005;52,03864485
08/04/2005;57,37489264
08/05/2005;70,53417128
08/06/2005;82,7847364
08/07/2005;73,75764108
08/08/2005;62,83328737
08/09/2005;56,83151665
08/10/2005;58,6675419
08/11/2005;78,45134463
08/12/2005;70,02316686
08/13/2005;74,56051647
08/14/2005;77,94650206
08/15/2005;77,26079048
08/16/2005;45,92622842
08/17/2005;56,46602786
08/18/2005;54,86066536
08/19/2005;64,26412956
08/20/2005;51,38840181
08/21/2005;56,45736422
08/22/2005;66,27018435
08/23/2005;65,08056837
08/24/2005;70,61504263
08/25/2005;64,15983682
08/26/2005;62,51900797
08/27/2005;70,05093927
08/28/2005;62,42197719
08/29/2005;55,39957319
08/30/2005;58,76637129
08/31/2005;51,83070188
09/01/2005;63,00528608
09/02/2005;52,81247815
09/03/2005;73,54405219
09/04/2005;72,26563753
09/05/2005;61,41161501
09/06/2005;54,44893717
09/07/2005;44,57063352
09/08/2005;30,19654098
09/09/2005;71,18687333
09/10/2005;67,21335218
09/11/2005;66,81063328
09/12/2005;52,10530101
09/13/2005;59,6342951
09/14/2005;53,98641788
09/15/2005;55,53363179
09/16/2005;55,22294789
09/17/2005;55,13475011
09/18/2005;64,09691513
09/19/2005;58,23357636
09/20/2005;72,76633175
09/21/2005;68,25358554
09/22/2005;63,1018783
09/23/2005;50,55187408
09/24/2005;68,10056941
09/25/2005;71,94633435
09/26/2005;56,58249657
09/27/2005;55,54255318
09/28/2005;43,01833791
09/29/2005;48,45045088
09/30/2005;31,65717889
10/01/2005;65,53879158
10/02/2005;48,4334035
10/03/2005;46,36050182
10/04/2005;52,11839332
10/05/2005;62,54271222
10/06/2005;59,25569601
10/07/2005;43,90996766
10/08/2005;58,77848045
10/09/2005;61,62896291
10/10/2005;54,0559278
10/11/2005;50,6388456
10/12/2005;56,86323312
10/13/2005;45,74066386
10/14/2005;24,3866356
10/15/2005;56,81332701
10/16/2005;49,11709188
10/17/2005;33,2127825
10/18/2005;12,90854931
10/19/2005;28,8692587
10/20/2005;30,77290016
10/21/2005;36,01923236
10/22/2005;41,36872832
10/23/2005;49,35961952
10/24/2005;32,41360538
10/25/2005;35,818961
10/26/2005;41,63577958
10/27/2005;45,13643001
10/28/2005;38,03897939
10/29/2005;46,43985684
10/30/2005;50,8181732
10/31/2005;38,27026755
11/01/2005;43,25012978
11/02/2005;31,00563865
11/03/2005;29,63764898
11/04/2005;31,44593976
11/05/2005;39,31043699
11/06/2005;46,43513987
11/07/2005;25,93078079
11/08/2005;38,2056954
11/09/2005;42,58733469
11/10/2005;37,8571392
11/11/2005;31,12334878
11/12/2005;26,4824666
11/13/2005;27,13095719
11/14/2005;22,00371124
11/15/2005;25,78117303
11/16/2005;25,25743284
11/17/2005;25,81573997
11/18/2005;28,21078664
11/19/2005;31,11698136
11/20/2005;42,44565336
11/21/2005;40,81913191
11/22/2005;29,57253299
11/23/2005;33,29306839
11/24/2005;30,37163316
11/25/2005;26,46530481
11/26/2005;47,61662853
11/27/2005;42,17134281
11/28/2005;31,19979956
11/29/2005;25,07580703
11/30/2005;23,6897592
12/01/2005;27,79483741
12/02/2005;31,17330373
12/03/2005;48,61368373
12/04/2005;45,1519953
12/05/2005;43,31504993
12/06/2005;39,50861159
12/07/2005;18,58538935
12/08/2005;33,34282966
12/09/2005;44,78823486
12/10/2005;38,4695844
12/11/2005;42,55234256
12/12/2005;24,76939655
12/13/2005;30,8479028
12/14/2005;20,04341688
12/15/2005;23,21707234
12/16/2005;19,51545729
12/17/2005;29,71459113
12/18/2005;34,54943151
12/19/2005;22,94407411
12/20/2005;14,4073371
12/21/2005;25,04649851
12/22/2005;23,64436576
12/23/2005;22,78975449
12/24/2005;24,23252548
12/25/2005;29,16196515
12/26/2005;21,1564125
12/27/2005;43,01441907
12/28/2005;32,37455257
12/29/2005;26,49161932
12/30/2005;26,53809888
12/31/2005;38,38355368
01/01/2006;54,37770092
01/02/2006;53,3721264
01/03/2006;34,89440217
01/04/2006;26,14764865
01/05/2006;23,112366
01/06/2006;30,38287923
01/07/2006;31,72308416
01/08/2006;41,79559516
01/09/2006;34,95790762
01/10/2006;35,34775517
01/11/2006;29,42492888
01/12/2006;26,48841164
01/13/2006;23,40913085
01/14/2006;34,3737015
01/15/2006;26,0087159
01/16/2006;19,37048055
01/17/2006;27,13605307
01/18/2006;22,438712
01/19/2006;19,54804586
01/20/2006;26,75345176
01/21/2006;19,61312211
01/22/2006;39,96436082
01/23/2006;28,98999422
01/24/2006;40,10387383
01/25/2006;47,26689515
01/26/2006;35,44579381
01/27/2006;29,16743289
01/28/2006;29,81243378
01/29/2006;42,74848776
01/30/2006;38,29515005
01/31/2006;36,97611102
02/01/2006;25,41864911
02/02/2006;22,58398392
02/03/2006;30,46364458
02/04/2006;24,53971236
02/05/2006;44,9530582
02/06/2006;28,89665739
02/07/2006;31,40961269
02/08/2006;24,58373865
02/09/2006;23,90938364
02/10/2006;26,97501877
02/11/2006;35,93745434
02/12/2006;59,78747616
02/13/2006;39,86678783
02/14/2006;41,08664327
02/15/2006;39,7150848
02/16/2006;45,30452567
02/17/2006;57,03206639
02/18/2006;57,66121189
02/19/2006;75,91212592
02/20/2006;45,93672992
02/21/2006;44,31386656
02/22/2006;47,71395657
02/23/2006;31,89704392
02/24/2006;43,41896442
02/25/2006;61,74450475
02/26/2006;51,52351549
02/27/2006;58,20527019
02/28/2006;47,24378557
03/01/2006;45,69213175
03/02/2006;49,64280759
03/03/2006;49,81535493
03/04/2006;55,9972192
03/05/2006;76,68856886
03/06/2006;76,59032522
03/07/2006;53,57472753
03/08/2006;34,75491195
03/09/2006;32,07497621
03/10/2006;61,24390822
03/11/2006;56,49041192
03/12/2006;47,09132518
03/13/2006;52,07965926
03/14/2006;53,01865065
03/15/2006;70,25719165
03/16/2006;74,54612649
03/17/2006;79,25288419
03/18/2006;68,02328562
03/19/2006;58,62020629
03/20/2006;41,74034074
03/21/2006;59,6879141
03/22/2006;64,29532976
03/23/2006;50,30167952
03/24/2006;59,20822141
03/25/2006;67,79821826
03/26/2006;67,56331331
03/27/2006;38,08130224
03/28/2006;65,52464477
03/29/2006;59,76746595
03/30/2006;54,87112407
03/31/2006;55,48232772
04/01/2006;65,1081774
04/02/2006;56,61788376
04/03/2006;57,88452013
04/04/2006;69,96474839
04/05/2006;65,37833801
04/06/2006;65,87702769
04/07/2006;66,36565619
04/08/2006;75,88016867
04/09/2006;69,47772906
04/10/2006;63,1757901
04/11/2006;70,99354372
04/12/2006;76,764916
04/13/2006;79,847812
04/14/2006;83,13536125
04/15/2006;59,48774779
04/16/2006;85,38304913
04/17/2006;56,64144839
04/18/2006;58,19003327
04/19/2006;66,73178433
04/20/2006;68,01171855
04/21/2006;67,66082349
04/22/2006;87,28367791
04/23/2006;92,67663069
04/24/2006;95,96808952
04/25/2006;105,1151208
04/26/2006;72,35343342
04/27/2006;89,58032193
04/28/2006;49,18771481
04/29/2006;73,9578955
04/30/2006;80,9018188
05/01/2006;80,20899751
05/02/2006;76,04041499
05/03/2006;80,8534129
05/04/2006;77,43241603
05/05/2006;75,61921084
05/06/2006;79,03383076
05/07/2006;64,55069276
05/08/2006;71,97895802
05/09/2006;63,77067891
05/10/2006;63,66942042
05/11/2006;71,62779267
05/12/2006;77,0702243
05/13/2006;79,189705
05/14/2006;82,06614936
05/15/2006;77,04754128
05/16/2006;72,46530664
05/17/2006;53,74079749
05/18/2006;56,42517311
05/19/2006;57,37905809
05/20/2006;67,29272643
05/21/2006;71,09018491
05/22/2006;59,88512005
05/23/2006;72,21085129
05/24/2006;64,40232221
05/25/2006;68,74223876
05/26/2006;70,07085989
05/27/2006;82,02284565
05/28/2006;53,41294999
05/29/2006;48,00051525
05/30/2006;40,15748216
05/31/2006;46,91435511
06/01/2006;59,21570566
06/02/2006;72,93663985
06/03/2006;75,59719898
06/04/2006;85,45902488
06/05/2006;76,0633497
06/06/2006;76,81167768
06/07/2006;76,30880179
06/08/2006;71,68374448
06/09/2006;56,30037041
06/10/2006;82,89984945
06/11/2006;89,57265704
06/12/2006;73,21186766
06/13/2006;85,50688627
06/14/2006;87,13140893
06/15/2006;73,7451462
06/16/2006;59,29816515
06/17/2006;59,96162911
06/18/2006;56,21511817
06/19/2006;56,49471144
06/20/2006;56,38974145
06/21/2006;69,69971629
06/22/2006;74,9139663
06/23/2006;62,24667399
06/24/2006;81,84176044
06/25/2006;80,00471924
06/26/2006;56,08665943
06/27/2006;51,13715256
06/28/2006;62,16081981
06/29/2006;64,02303709
06/30/2006;56,19875351
07/01/2006;73,18768824
07/02/2006;76,70854636
07/03/2006;74,54972645
07/04/2006;62,41540486
07/05/2006;53,85674109
07/06/2006;54,54801351
07/07/2006;50,9871641
07/08/2006;57,16330732
07/09/2006;63,89200506
07/10/2006;64,59216454
07/11/2006;58,88831462
07/12/2006;35,36800318
07/13/2006;70,84919477
07/14/2006;82,37138579
07/15/2006;80,17497094
07/16/2006;82,27893265
07/17/2006;63,69416538
07/18/2006;69,3422384
07/19/2006;67,0448091
07/20/2006;68,58999781
07/21/2006;66,57725613
07/22/2006;75,95456083
07/23/2006;70,18977125
07/24/2006;72,05183007
07/25/2006;65,88382683
07/26/2006;68,15392734
07/27/2006;52,9896127
07/28/2006;74,89035455
07/29/2006;68,26307823
07/30/2006;69,97032621
07/31/2006;54,52176895
08/01/2006;57,91521745
08/02/2006;60,83748
08/03/2006;52,5733248
08/04/2006;57,07196133
08/05/2006;68,74988427
08/06/2006;73,75222844
08/07/2006;66,91518607
08/08/2006;66,02843744
08/09/2006;73,14051929
08/10/2006;83,31793712
08/11/2006;72,54443916
08/12/2006;75,40953012
08/13/2006;77,85911169
08/14/2006;83,18965453
08/15/2006;69,75801058
08/16/2006;59,02658848
08/17/2006;55,87339294
08/18/2006;73,89844729
08/19/2006;71,39583419
08/20/2006;89,90146805
08/21/2006;65,76151484
08/22/2006;64,50062565
08/23/2006;60,41915742
08/24/2006;69,49149986
08/25/2006;74,36414625
08/26/2006;65,51898065
08/27/2006;69,91487976
08/28/2006;70,3906517
08/29/2006;49,88612221
08/30/2006;52,12153283
08/31/2006;56,40726445
09/01/2006;59,63726902
09/02/2006;68,30972045
09/03/2006;71,21981835
09/04/2006;56,96165438
09/05/2006;62,36593638
09/06/2006;64,31129071
09/07/2006;58,64626193
09/08/2006;48,42829242
09/09/2006;55,48976965
09/10/2006;65,919827
09/11/2006;50,09840897
09/12/2006;40,63743912
09/13/2006;48,98048251
09/14/2006;48,54346256
09/15/2006;49,62274901
09/16/2006;59,17602131
09/17/2006;64,5248435
09/18/2006;43,15511074
09/19/2006;68,14268004
09/20/2006;51,79631168
09/21/2006;60,04443303
09/22/2006;51,97220581
09/23/2006;25,03317889
09/24/2006;52,00614607
09/25/2006;47,15135919
09/26/2006;52,20369405
09/27/2006;62,88099885
09/28/2006;61,57911805
09/29/2006;55,77839769
09/30/2006;52,65242792
10/01/2006;50,12877212
10/02/2006;47,54435468
10/03/2006;50,19610194
10/04/2006;42,4300147
10/05/2006;48,55279135
10/06/2006;53,27091944
10/07/2006;61,24443958
10/08/2006;74,19643822
10/09/2006;53,34926118
10/10/2006;50,24555265
10/11/2006;40,52696772
10/12/2006;61,9974464
10/13/2006;64,01795516
10/14/2006;87,34511507
10/15/2006;72,02836919
10/16/2006;52,31791012
10/17/2006;55,47362219
10/18/2006;38,65234058
10/19/2006;35,20481947
10/20/2006;37,2521624
10/21/2006;45,29778076
10/22/2006;35,37961806
10/23/2006;36,93517678
10/24/2006;35,25368159
10/25/2006;40,95771211
10/26/2006;29,4461636
10/27/2006;45,9046793
10/28/2006;37,73875546
10/29/2006;29,38064566
10/30/2006;24,45704386
10/31/2006;26,86584544
11/01/2006;44,76793603
11/02/2006;45,31460207
11/03/2006;58,63767596
11/04/2006;44,96020111
11/05/2006;64,11586967
11/06/2006;30,69309329
11/07/2006;37,34277921
11/08/2006;57,83939277
11/09/2006;37,1074146
11/10/2006;30,8914369
11/11/2006;32,91294918
11/12/2006;32,72015347
11/13/2006;21,36362224
11/14/2006;25,27152625
11/15/2006;27,99618081
11/16/2006;14,188071
11/17/2006;32,64013176
11/18/2006;40,24272828
11/19/2006;37,07786166
11/20/2006;31,42105587
11/21/2006;32,26875633
11/22/2006;42,88761433
11/23/2006;38,99679482
11/24/2006;26,44975858
11/25/2006;14,02549903
11/26/2006;32,78171349
11/27/2006;30,79458332
11/28/2006;16,26688859
11/29/2006;37,16987892
11/30/2006;32,14751232
12/01/2006;11,31098037
12/02/2006;21,48203077
12/03/2006;38,65252448
12/04/2006;35,12494228
12/05/2006;29,35151112
12/06/2006;64,14493078
12/07/2006;38,57161462
12/08/2006;54,57094279
12/09/2006;48,13756083
12/10/2006;42,89537777
12/11/2006;23,91909404
12/12/2006;22,25226818
12/13/2006;21,91558639
12/14/2006;34,92817076
12/15/2006;32,36935694
12/16/2006;24,6503544
12/17/2006;31,58124237
12/18/2006;23,84498152
12/19/2006;31,76641115
12/20/2006;35,66566831
12/21/2006;34,98149628
12/22/2006;34,34499358
12/23/2006;34,92203658
12/24/2006;30,63221419
12/25/2006;39,25448225
12/26/2006;18,58594163
12/27/2006;23,63865409
12/28/2006;24,78354118
12/29/2006;13,48234931
12/30/2006;14,40208792
12/31/2006;23,87739175
